Copyright 1986-2022 Xilinx, Inc. All Rights Reserved.
------------------------------------------------------------------------------------------------------------------------------------------------------------------------------------------------------
| Tool Version : Vivado v.2022.2 (lin64) Build 3671981 Fri Oct 14 04:59:54 MDT 2022
| Date         : Sat Nov 11 16:45:36 2023
| Host         : zza-virtual-machine running 64-bit Ubuntu 22.04.1 LTS
| Command      : report_timing_summary -max_paths 10 -report_unconstrained -file top_timing_summary_routed.rpt -pb top_timing_summary_routed.pb -rpx top_timing_summary_routed.rpx -warn_on_violation
| Design       : top
| Device       : 7k325t-ffg900
| Speed File   : -2  PRODUCTION 1.12 2017-02-17
------------------------------------------------------------------------------------------------------------------------------------------------------------------------------------------------------

Timing Summary Report

------------------------------------------------------------------------------------------------
| Timer Settings
| --------------
------------------------------------------------------------------------------------------------

  Enable Multi Corner Analysis               :  Yes
  Enable Pessimism Removal                   :  Yes
  Pessimism Removal Resolution               :  Nearest Common Node
  Enable Input Delay Default Clock           :  No
  Enable Preset / Clear Arcs                 :  No
  Disable Flight Delays                      :  No
  Ignore I/O Paths                           :  No
  Timing Early Launch at Borrowing Latches   :  No
  Borrow Time for Max Delay Exceptions       :  Yes
  Merge Timing Exceptions                    :  Yes

  Corner  Analyze    Analyze    
  Name    Max Paths  Min Paths  
  ------  ---------  ---------  
  Slow    Yes        Yes        
  Fast    Yes        Yes        


------------------------------------------------------------------------------------------------
| Report Methodology
| ------------------
------------------------------------------------------------------------------------------------

Rule       Severity  Description                    Violations  
---------  --------  -----------------------------  ----------  
TIMING-18  Warning   Missing input or output delay  11          

Note: This report is based on the most recent report_methodology run and may not be up-to-date. Run report_methodology on the current design for the latest report.



check_timing report

Table of Contents
-----------------
1. checking no_clock (0)
2. checking constant_clock (0)
3. checking pulse_width_clock (0)
4. checking unconstrained_internal_endpoints (0)
5. checking no_input_delay (1)
6. checking no_output_delay (10)
7. checking multiple_clock (0)
8. checking generated_clocks (0)
9. checking loops (0)
10. checking partial_input_delay (0)
11. checking partial_output_delay (0)
12. checking latch_loops (0)

1. checking no_clock (0)
------------------------
 There are 0 register/latch pins with no clock.


2. checking constant_clock (0)
------------------------------
 There are 0 register/latch pins with constant_clock.


3. checking pulse_width_clock (0)
---------------------------------
 There are 0 register/latch pins which need pulse_width check


4. checking unconstrained_internal_endpoints (0)
------------------------------------------------
 There are 0 pins that are not constrained for maximum delay.

 There are 0 pins that are not constrained for maximum delay due to constant clock.


5. checking no_input_delay (1)
------------------------------
 There is 1 input port with no input delay specified. (HIGH)

 There are 0 input ports with no input delay but user has a false path constraint.


6. checking no_output_delay (10)
--------------------------------
 There are 10 ports with no output delay specified. (HIGH)

 There are 0 ports with no output delay but user has a false path constraint

 There are 0 ports with no output delay but with a timing clock defined on it or propagating through it


7. checking multiple_clock (0)
------------------------------
 There are 0 register/latch pins with multiple clocks.


8. checking generated_clocks (0)
--------------------------------
 There are 0 generated clocks that are not connected to a clock source.


9. checking loops (0)
---------------------
 There are 0 combinational loops in the design.


10. checking partial_input_delay (0)
------------------------------------
 There are 0 input ports with partial input delay specified.


11. checking partial_output_delay (0)
-------------------------------------
 There are 0 ports with partial output delay specified.


12. checking latch_loops (0)
----------------------------
 There are 0 combinational latch loops in the design through latch input



------------------------------------------------------------------------------------------------
| Design Timing Summary
| ---------------------
------------------------------------------------------------------------------------------------

    WNS(ns)      TNS(ns)  TNS Failing Endpoints  TNS Total Endpoints      WHS(ns)      THS(ns)  THS Failing Endpoints  THS Total Endpoints     WPWS(ns)     TPWS(ns)  TPWS Failing Endpoints  TPWS Total Endpoints  
    -------      -------  ---------------------  -------------------      -------      -------  ---------------------  -------------------     --------     --------  ----------------------  --------------------  
      3.722        0.000                      0                   18        0.138        0.000                      0                   18        2.100        0.000                       0                    19  


All user specified timing constraints are met.


------------------------------------------------------------------------------------------------
| Clock Summary
| -------------
------------------------------------------------------------------------------------------------

Clock      Waveform(ns)         Period(ns)      Frequency(MHz)
-----      ------------         ----------      --------------
sys_clk_n  {0.000 2.500}        5.000           200.000         


------------------------------------------------------------------------------------------------
| Intra Clock Table
| -----------------
------------------------------------------------------------------------------------------------

Clock             WNS(ns)      TNS(ns)  TNS Failing Endpoints  TNS Total Endpoints      WHS(ns)      THS(ns)  THS Failing Endpoints  THS Total Endpoints     WPWS(ns)     TPWS(ns)  TPWS Failing Endpoints  TPWS Total Endpoints  
-----             -------      -------  ---------------------  -------------------      -------      -------  ---------------------  -------------------     --------     --------  ----------------------  --------------------  
sys_clk_n           3.722        0.000                      0                   18        0.138        0.000                      0                   18        2.100        0.000                       0                    19  


------------------------------------------------------------------------------------------------
| Inter Clock Table
| -----------------
------------------------------------------------------------------------------------------------

From Clock    To Clock          WNS(ns)      TNS(ns)  TNS Failing Endpoints  TNS Total Endpoints      WHS(ns)      THS(ns)  THS Failing Endpoints  THS Total Endpoints  
----------    --------          -------      -------  ---------------------  -------------------      -------      -------  ---------------------  -------------------  


------------------------------------------------------------------------------------------------
| Other Path Groups Table
| -----------------------
------------------------------------------------------------------------------------------------

Path Group    From Clock    To Clock          WNS(ns)      TNS(ns)  TNS Failing Endpoints  TNS Total Endpoints      WHS(ns)      THS(ns)  THS Failing Endpoints  THS Total Endpoints  
----------    ----------    --------          -------      -------  ---------------------  -------------------      -------      -------  ---------------------  -------------------  


------------------------------------------------------------------------------------------------
| User Ignored Path Table
| -----------------------
------------------------------------------------------------------------------------------------

Path Group    From Clock    To Clock    
----------    ----------    --------    


------------------------------------------------------------------------------------------------
| Unconstrained Path Table
| ------------------------
------------------------------------------------------------------------------------------------

Path Group    From Clock    To Clock    
----------    ----------    --------    
(none)        sys_clk_n                   
(none)                      sys_clk_n     


------------------------------------------------------------------------------------------------
| Timing Details
| --------------
------------------------------------------------------------------------------------------------


---------------------------------------------------------------------------------------------------
From Clock:  sys_clk_n
  To Clock:  sys_clk_n

Setup :            0  Failing Endpoints,  Worst Slack        3.722ns,  Total Violation        0.000ns
Hold  :            0  Failing Endpoints,  Worst Slack        0.138ns,  Total Violation        0.000ns
PW    :            0  Failing Endpoints,  Worst Slack        2.100ns,  Total Violation        0.000ns
---------------------------------------------------------------------------------------------------


Max Delay Paths
--------------------------------------------------------------------------------------
Slack (MET) :             3.722ns  (required time - arrival time)
  Source:                 bin_in_reg[4]/C
                            (rising edge-triggered cell FDSE clocked by sys_clk_n'  {rise@0.000ns fall@2.500ns period=5.000ns})
  Destination:            out_reg[1]/D
                            (rising edge-triggered cell FDRE clocked by sys_clk_n'  {rise@0.000ns fall@2.500ns period=5.000ns})
  Path Group:             sys_clk_n
  Path Type:              Setup (Max at Slow Process Corner)
  Requirement:            5.000ns  (sys_clk_n fall@7.500ns - sys_clk_n fall@2.500ns)
  Data Path Delay:        1.277ns  (logic 0.472ns (36.970%)  route 0.805ns (63.028%))
  Logic Levels:           2  (LUT5=1 LUT6=1)
  Clock Path Skew:        0.000ns (DCD - SCD + CPR)
    Destination Clock Delay (DCD):    4.622ns = ( 12.122 - 7.500 ) 
    Source Clock Delay      (SCD):    4.999ns = ( 7.499 - 2.500 ) 
    Clock Pessimism Removal (CPR):    0.376ns
  Clock Uncertainty:      0.035ns  ((TSJ^2 + TIJ^2)^1/2 + DJ) / 2 + PE
    Total System Jitter     (TSJ):    0.071ns
    Total Input Jitter      (TIJ):    0.000ns
    Discrete Jitter          (DJ):    0.000ns
    Phase Error              (PE):    0.000ns

    Location             Delay type                Incr(ns)  Path(ns)    Netlist Resource(s)
  -------------------------------------------------------------------    -------------------
                         (clock sys_clk_n fall edge)
                                                      2.500     2.500 f  
    AD11                                              0.000     2.500 f  sys_clk_n (IN)
                         net (fo=0)                   0.000     2.500    sys_clk_n
    AD12                 IBUFDS (Prop_ibufds_IB_O)    0.906     3.406 r  CLK_U/O
                         net (fo=1, routed)           2.299     5.705    clk
    BUFGCTRL_X0Y0        BUFG (Prop_bufg_I_O)         0.093     5.798 r  clk_BUFG_inst/O
                         net (fo=18, routed)          1.701     7.499    clk_BUFG
    SLICE_X153Y54        FDSE                                         r  bin_in_reg[4]/C
  -------------------------------------------------------------------    -------------------
    SLICE_X153Y54        FDSE (Prop_fdse_C_Q)         0.204     7.703 r  bin_in_reg[4]/Q
                         net (fo=9, routed)           0.473     8.176    p_0_in[0]
    SLICE_X152Y55        LUT5 (Prop_lut5_I3_O)        0.134     8.310 r  out[4]_i_4/O
                         net (fo=4, routed)           0.332     8.641    out[4]_i_4_n_0
    SLICE_X153Y54        LUT6 (Prop_lut6_I5_O)        0.134     8.775 r  out[1]_i_1/O
                         net (fo=1, routed)           0.000     8.775    out[1]_i_1_n_0
    SLICE_X153Y54        FDRE                                         r  out_reg[1]/D
  -------------------------------------------------------------------    -------------------

                         (clock sys_clk_n fall edge)
                                                      7.500     7.500 f  
    AD11                                              0.000     7.500 f  sys_clk_n (IN)
                         net (fo=0)                   0.000     7.500    sys_clk_n
    AD12                 IBUFDS (Prop_ibufds_IB_O)    0.803     8.303 r  CLK_U/O
                         net (fo=1, routed)           2.173    10.476    clk
    BUFGCTRL_X0Y0        BUFG (Prop_bufg_I_O)         0.083    10.559 r  clk_BUFG_inst/O
                         net (fo=18, routed)          1.563    12.122    clk_BUFG
    SLICE_X153Y54        FDRE                                         r  out_reg[1]/C
                         clock pessimism              0.376    12.499    
                         clock uncertainty           -0.035    12.463    
    SLICE_X153Y54        FDRE (Setup_fdre_C_D)        0.034    12.497    out_reg[1]
  -------------------------------------------------------------------
                         required time                         12.497    
                         arrival time                          -8.775    
  -------------------------------------------------------------------
                         slack                                  3.722    

Slack (MET) :             3.725ns  (required time - arrival time)
  Source:                 bin_in_reg[4]/C
                            (rising edge-triggered cell FDSE clocked by sys_clk_n'  {rise@0.000ns fall@2.500ns period=5.000ns})
  Destination:            out_reg[4]/D
                            (rising edge-triggered cell FDRE clocked by sys_clk_n'  {rise@0.000ns fall@2.500ns period=5.000ns})
  Path Group:             sys_clk_n
  Path Type:              Setup (Max at Slow Process Corner)
  Requirement:            5.000ns  (sys_clk_n fall@7.500ns - sys_clk_n fall@2.500ns)
  Data Path Delay:        1.274ns  (logic 0.472ns (37.058%)  route 0.802ns (62.941%))
  Logic Levels:           2  (LUT5=1 LUT6=1)
  Clock Path Skew:        0.000ns (DCD - SCD + CPR)
    Destination Clock Delay (DCD):    4.622ns = ( 12.122 - 7.500 ) 
    Source Clock Delay      (SCD):    4.999ns = ( 7.499 - 2.500 ) 
    Clock Pessimism Removal (CPR):    0.376ns
  Clock Uncertainty:      0.035ns  ((TSJ^2 + TIJ^2)^1/2 + DJ) / 2 + PE
    Total System Jitter     (TSJ):    0.071ns
    Total Input Jitter      (TIJ):    0.000ns
    Discrete Jitter          (DJ):    0.000ns
    Phase Error              (PE):    0.000ns

    Location             Delay type                Incr(ns)  Path(ns)    Netlist Resource(s)
  -------------------------------------------------------------------    -------------------
                         (clock sys_clk_n fall edge)
                                                      2.500     2.500 f  
    AD11                                              0.000     2.500 f  sys_clk_n (IN)
                         net (fo=0)                   0.000     2.500    sys_clk_n
    AD12                 IBUFDS (Prop_ibufds_IB_O)    0.906     3.406 r  CLK_U/O
                         net (fo=1, routed)           2.299     5.705    clk
    BUFGCTRL_X0Y0        BUFG (Prop_bufg_I_O)         0.093     5.798 r  clk_BUFG_inst/O
                         net (fo=18, routed)          1.701     7.499    clk_BUFG
    SLICE_X153Y54        FDSE                                         r  bin_in_reg[4]/C
  -------------------------------------------------------------------    -------------------
    SLICE_X153Y54        FDSE (Prop_fdse_C_Q)         0.204     7.703 r  bin_in_reg[4]/Q
                         net (fo=9, routed)           0.473     8.176    p_0_in[0]
    SLICE_X152Y55        LUT5 (Prop_lut5_I3_O)        0.134     8.310 r  out[4]_i_4/O
                         net (fo=4, routed)           0.329     8.638    out[4]_i_4_n_0
    SLICE_X153Y54        LUT6 (Prop_lut6_I5_O)        0.134     8.772 r  out[4]_i_1/O
                         net (fo=1, routed)           0.000     8.772    bcd_out[4]
    SLICE_X153Y54        FDRE                                         r  out_reg[4]/D
  -------------------------------------------------------------------    -------------------

                         (clock sys_clk_n fall edge)
                                                      7.500     7.500 f  
    AD11                                              0.000     7.500 f  sys_clk_n (IN)
                         net (fo=0)                   0.000     7.500    sys_clk_n
    AD12                 IBUFDS (Prop_ibufds_IB_O)    0.803     8.303 r  CLK_U/O
                         net (fo=1, routed)           2.173    10.476    clk
    BUFGCTRL_X0Y0        BUFG (Prop_bufg_I_O)         0.083    10.559 r  clk_BUFG_inst/O
                         net (fo=18, routed)          1.563    12.122    clk_BUFG
    SLICE_X153Y54        FDRE                                         r  out_reg[4]/C
                         clock pessimism              0.376    12.499    
                         clock uncertainty           -0.035    12.463    
    SLICE_X153Y54        FDRE (Setup_fdre_C_D)        0.034    12.497    out_reg[4]
  -------------------------------------------------------------------
                         required time                         12.497    
                         arrival time                          -8.772    
  -------------------------------------------------------------------
                         slack                                  3.725    

Slack (MET) :             3.775ns  (required time - arrival time)
  Source:                 bin_in_reg[2]/C
                            (rising edge-triggered cell FDSE clocked by sys_clk_n'  {rise@0.000ns fall@2.500ns period=5.000ns})
  Destination:            out_reg[3]/D
                            (rising edge-triggered cell FDRE clocked by sys_clk_n'  {rise@0.000ns fall@2.500ns period=5.000ns})
  Path Group:             sys_clk_n
  Path Type:              Setup (Max at Slow Process Corner)
  Requirement:            5.000ns  (sys_clk_n fall@7.500ns - sys_clk_n fall@2.500ns)
  Data Path Delay:        1.202ns  (logic 0.345ns (28.703%)  route 0.857ns (71.297%))
  Logic Levels:           2  (LUT6=2)
  Clock Path Skew:        -0.021ns (DCD - SCD + CPR)
    Destination Clock Delay (DCD):    4.622ns = ( 12.122 - 7.500 ) 
    Source Clock Delay      (SCD):    4.999ns = ( 7.499 - 2.500 ) 
    Clock Pessimism Removal (CPR):    0.355ns
  Clock Uncertainty:      0.035ns  ((TSJ^2 + TIJ^2)^1/2 + DJ) / 2 + PE
    Total System Jitter     (TSJ):    0.071ns
    Total Input Jitter      (TIJ):    0.000ns
    Discrete Jitter          (DJ):    0.000ns
    Phase Error              (PE):    0.000ns

    Location             Delay type                Incr(ns)  Path(ns)    Netlist Resource(s)
  -------------------------------------------------------------------    -------------------
                         (clock sys_clk_n fall edge)
                                                      2.500     2.500 f  
    AD11                                              0.000     2.500 f  sys_clk_n (IN)
                         net (fo=0)                   0.000     2.500    sys_clk_n
    AD12                 IBUFDS (Prop_ibufds_IB_O)    0.906     3.406 r  CLK_U/O
                         net (fo=1, routed)           2.299     5.705    clk
    BUFGCTRL_X0Y0        BUFG (Prop_bufg_I_O)         0.093     5.798 r  clk_BUFG_inst/O
                         net (fo=18, routed)          1.701     7.499    clk_BUFG
    SLICE_X152Y54        FDSE                                         r  bin_in_reg[2]/C
  -------------------------------------------------------------------    -------------------
    SLICE_X152Y54        FDSE (Prop_fdse_C_Q)         0.259     7.758 f  bin_in_reg[2]/Q
                         net (fo=11, routed)          0.479     8.237    bin_in_reg_n_0_[2]
    SLICE_X152Y54        LUT6 (Prop_lut6_I0_O)        0.043     8.280 r  out[4]_i_3/O
                         net (fo=4, routed)           0.378     8.658    out[4]_i_3_n_0
    SLICE_X153Y54        LUT6 (Prop_lut6_I4_O)        0.043     8.701 r  out[3]_i_1/O
                         net (fo=1, routed)           0.000     8.701    bcd_out[3]
    SLICE_X153Y54        FDRE                                         r  out_reg[3]/D
  -------------------------------------------------------------------    -------------------

                         (clock sys_clk_n fall edge)
                                                      7.500     7.500 f  
    AD11                                              0.000     7.500 f  sys_clk_n (IN)
                         net (fo=0)                   0.000     7.500    sys_clk_n
    AD12                 IBUFDS (Prop_ibufds_IB_O)    0.803     8.303 r  CLK_U/O
                         net (fo=1, routed)           2.173    10.476    clk
    BUFGCTRL_X0Y0        BUFG (Prop_bufg_I_O)         0.083    10.559 r  clk_BUFG_inst/O
                         net (fo=18, routed)          1.563    12.122    clk_BUFG
    SLICE_X153Y54        FDRE                                         r  out_reg[3]/C
                         clock pessimism              0.355    12.478    
                         clock uncertainty           -0.035    12.442    
    SLICE_X153Y54        FDRE (Setup_fdre_C_D)        0.033    12.475    out_reg[3]
  -------------------------------------------------------------------
                         required time                         12.475    
                         arrival time                          -8.701    
  -------------------------------------------------------------------
                         slack                                  3.775    

Slack (MET) :             3.781ns  (required time - arrival time)
  Source:                 bin_in_reg[2]/C
                            (rising edge-triggered cell FDSE clocked by sys_clk_n'  {rise@0.000ns fall@2.500ns period=5.000ns})
  Destination:            out_reg[2]/D
                            (rising edge-triggered cell FDRE clocked by sys_clk_n'  {rise@0.000ns fall@2.500ns period=5.000ns})
  Path Group:             sys_clk_n
  Path Type:              Setup (Max at Slow Process Corner)
  Requirement:            5.000ns  (sys_clk_n fall@7.500ns - sys_clk_n fall@2.500ns)
  Data Path Delay:        1.197ns  (logic 0.345ns (28.823%)  route 0.852ns (71.177%))
  Logic Levels:           2  (LUT6=2)
  Clock Path Skew:        -0.021ns (DCD - SCD + CPR)
    Destination Clock Delay (DCD):    4.622ns = ( 12.122 - 7.500 ) 
    Source Clock Delay      (SCD):    4.999ns = ( 7.499 - 2.500 ) 
    Clock Pessimism Removal (CPR):    0.355ns
  Clock Uncertainty:      0.035ns  ((TSJ^2 + TIJ^2)^1/2 + DJ) / 2 + PE
    Total System Jitter     (TSJ):    0.071ns
    Total Input Jitter      (TIJ):    0.000ns
    Discrete Jitter          (DJ):    0.000ns
    Phase Error              (PE):    0.000ns

    Location             Delay type                Incr(ns)  Path(ns)    Netlist Resource(s)
  -------------------------------------------------------------------    -------------------
                         (clock sys_clk_n fall edge)
                                                      2.500     2.500 f  
    AD11                                              0.000     2.500 f  sys_clk_n (IN)
                         net (fo=0)                   0.000     2.500    sys_clk_n
    AD12                 IBUFDS (Prop_ibufds_IB_O)    0.906     3.406 r  CLK_U/O
                         net (fo=1, routed)           2.299     5.705    clk
    BUFGCTRL_X0Y0        BUFG (Prop_bufg_I_O)         0.093     5.798 r  clk_BUFG_inst/O
                         net (fo=18, routed)          1.701     7.499    clk_BUFG
    SLICE_X152Y54        FDSE                                         r  bin_in_reg[2]/C
  -------------------------------------------------------------------    -------------------
    SLICE_X152Y54        FDSE (Prop_fdse_C_Q)         0.259     7.758 f  bin_in_reg[2]/Q
                         net (fo=11, routed)          0.479     8.237    bin_in_reg_n_0_[2]
    SLICE_X152Y54        LUT6 (Prop_lut6_I0_O)        0.043     8.280 r  out[4]_i_3/O
                         net (fo=4, routed)           0.373     8.653    out[4]_i_3_n_0
    SLICE_X153Y54        LUT6 (Prop_lut6_I2_O)        0.043     8.696 r  out[2]_i_1/O
                         net (fo=1, routed)           0.000     8.696    bcd_out[2]
    SLICE_X153Y54        FDRE                                         r  out_reg[2]/D
  -------------------------------------------------------------------    -------------------

                         (clock sys_clk_n fall edge)
                                                      7.500     7.500 f  
    AD11                                              0.000     7.500 f  sys_clk_n (IN)
                         net (fo=0)                   0.000     7.500    sys_clk_n
    AD12                 IBUFDS (Prop_ibufds_IB_O)    0.803     8.303 r  CLK_U/O
                         net (fo=1, routed)           2.173    10.476    clk
    BUFGCTRL_X0Y0        BUFG (Prop_bufg_I_O)         0.083    10.559 r  clk_BUFG_inst/O
                         net (fo=18, routed)          1.563    12.122    clk_BUFG
    SLICE_X153Y54        FDRE                                         r  out_reg[2]/C
                         clock pessimism              0.355    12.478    
                         clock uncertainty           -0.035    12.442    
    SLICE_X153Y54        FDRE (Setup_fdre_C_D)        0.034    12.476    out_reg[2]
  -------------------------------------------------------------------
                         required time                         12.476    
                         arrival time                          -8.696    
  -------------------------------------------------------------------
                         slack                                  3.781    

Slack (MET) :             3.853ns  (required time - arrival time)
  Source:                 bin_in_reg[5]/C
                            (rising edge-triggered cell FDRE clocked by sys_clk_n'  {rise@0.000ns fall@2.500ns period=5.000ns})
  Destination:            out_reg[9]/D
                            (rising edge-triggered cell FDRE clocked by sys_clk_n'  {rise@0.000ns fall@2.500ns period=5.000ns})
  Path Group:             sys_clk_n
  Path Type:              Setup (Max at Slow Process Corner)
  Requirement:            5.000ns  (sys_clk_n fall@7.500ns - sys_clk_n fall@2.500ns)
  Data Path Delay:        1.084ns  (logic 0.327ns (30.168%)  route 0.757ns (69.832%))
  Logic Levels:           1  (LUT5=1)
  Clock Path Skew:        -0.026ns (DCD - SCD + CPR)
    Destination Clock Delay (DCD):    4.621ns = ( 12.121 - 7.500 ) 
    Source Clock Delay      (SCD):    4.999ns = ( 7.499 - 2.500 ) 
    Clock Pessimism Removal (CPR):    0.351ns
  Clock Uncertainty:      0.035ns  ((TSJ^2 + TIJ^2)^1/2 + DJ) / 2 + PE
    Total System Jitter     (TSJ):    0.071ns
    Total Input Jitter      (TIJ):    0.000ns
    Discrete Jitter          (DJ):    0.000ns
    Phase Error              (PE):    0.000ns

    Location             Delay type                Incr(ns)  Path(ns)    Netlist Resource(s)
  -------------------------------------------------------------------    -------------------
                         (clock sys_clk_n fall edge)
                                                      2.500     2.500 f  
    AD11                                              0.000     2.500 f  sys_clk_n (IN)
                         net (fo=0)                   0.000     2.500    sys_clk_n
    AD12                 IBUFDS (Prop_ibufds_IB_O)    0.906     3.406 r  CLK_U/O
                         net (fo=1, routed)           2.299     5.705    clk
    BUFGCTRL_X0Y0        BUFG (Prop_bufg_I_O)         0.093     5.798 r  clk_BUFG_inst/O
                         net (fo=18, routed)          1.701     7.499    clk_BUFG
    SLICE_X153Y54        FDRE                                         r  bin_in_reg[5]/C
  -------------------------------------------------------------------    -------------------
    SLICE_X153Y54        FDRE (Prop_fdre_C_Q)         0.204     7.703 r  bin_in_reg[5]/Q
                         net (fo=9, routed)           0.480     8.183    bin_in_reg_n_0_[5]
    SLICE_X152Y55        LUT5 (Prop_lut5_I0_O)        0.123     8.306 r  out[9]_i_1/O
                         net (fo=1, routed)           0.277     8.583    out[9]_i_1_n_0
    SLICE_X152Y57        FDRE                                         r  out_reg[9]/D
  -------------------------------------------------------------------    -------------------

                         (clock sys_clk_n fall edge)
                                                      7.500     7.500 f  
    AD11                                              0.000     7.500 f  sys_clk_n (IN)
                         net (fo=0)                   0.000     7.500    sys_clk_n
    AD12                 IBUFDS (Prop_ibufds_IB_O)    0.803     8.303 r  CLK_U/O
                         net (fo=1, routed)           2.173    10.476    clk
    BUFGCTRL_X0Y0        BUFG (Prop_bufg_I_O)         0.083    10.559 r  clk_BUFG_inst/O
                         net (fo=18, routed)          1.562    12.121    clk_BUFG
    SLICE_X152Y57        FDRE                                         r  out_reg[9]/C
                         clock pessimism              0.351    12.473    
                         clock uncertainty           -0.035    12.437    
    SLICE_X152Y57        FDRE (Setup_fdre_C_D)       -0.002    12.435    out_reg[9]
  -------------------------------------------------------------------
                         required time                         12.435    
                         arrival time                          -8.583    
  -------------------------------------------------------------------
                         slack                                  3.853    

Slack (MET) :             4.162ns  (required time - arrival time)
  Source:                 bin_in_reg[6]/C
                            (rising edge-triggered cell FDRE clocked by sys_clk_n'  {rise@0.000ns fall@2.500ns period=5.000ns})
  Destination:            out_reg[8]/D
                            (rising edge-triggered cell FDRE clocked by sys_clk_n'  {rise@0.000ns fall@2.500ns period=5.000ns})
  Path Group:             sys_clk_n
  Path Type:              Setup (Max at Slow Process Corner)
  Requirement:            5.000ns  (sys_clk_n fall@7.500ns - sys_clk_n fall@2.500ns)
  Data Path Delay:        0.812ns  (logic 0.328ns (40.388%)  route 0.484ns (59.612%))
  Logic Levels:           1  (LUT6=1)
  Clock Path Skew:        -0.025ns (DCD - SCD + CPR)
    Destination Clock Delay (DCD):    4.622ns = ( 12.122 - 7.500 ) 
    Source Clock Delay      (SCD):    4.999ns = ( 7.499 - 2.500 ) 
    Clock Pessimism Removal (CPR):    0.351ns
  Clock Uncertainty:      0.035ns  ((TSJ^2 + TIJ^2)^1/2 + DJ) / 2 + PE
    Total System Jitter     (TSJ):    0.071ns
    Total Input Jitter      (TIJ):    0.000ns
    Discrete Jitter          (DJ):    0.000ns
    Phase Error              (PE):    0.000ns

    Location             Delay type                Incr(ns)  Path(ns)    Netlist Resource(s)
  -------------------------------------------------------------------    -------------------
                         (clock sys_clk_n fall edge)
                                                      2.500     2.500 f  
    AD11                                              0.000     2.500 f  sys_clk_n (IN)
                         net (fo=0)                   0.000     2.500    sys_clk_n
    AD12                 IBUFDS (Prop_ibufds_IB_O)    0.906     3.406 r  CLK_U/O
                         net (fo=1, routed)           2.299     5.705    clk
    BUFGCTRL_X0Y0        BUFG (Prop_bufg_I_O)         0.093     5.798 r  clk_BUFG_inst/O
                         net (fo=18, routed)          1.701     7.499    clk_BUFG
    SLICE_X153Y54        FDRE                                         r  bin_in_reg[6]/C
  -------------------------------------------------------------------    -------------------
    SLICE_X153Y54        FDRE (Prop_fdre_C_Q)         0.204     7.703 r  bin_in_reg[6]/Q
                         net (fo=9, routed)           0.484     8.187    bin_in_reg_n_0_[6]
    SLICE_X153Y55        LUT6 (Prop_lut6_I5_O)        0.124     8.311 r  out[8]_i_1/O
                         net (fo=1, routed)           0.000     8.311    bcd_out[8]
    SLICE_X153Y55        FDRE                                         r  out_reg[8]/D
  -------------------------------------------------------------------    -------------------

                         (clock sys_clk_n fall edge)
                                                      7.500     7.500 f  
    AD11                                              0.000     7.500 f  sys_clk_n (IN)
                         net (fo=0)                   0.000     7.500    sys_clk_n
    AD12                 IBUFDS (Prop_ibufds_IB_O)    0.803     8.303 r  CLK_U/O
                         net (fo=1, routed)           2.173    10.476    clk
    BUFGCTRL_X0Y0        BUFG (Prop_bufg_I_O)         0.083    10.559 r  clk_BUFG_inst/O
                         net (fo=18, routed)          1.563    12.122    clk_BUFG
    SLICE_X153Y55        FDRE                                         r  out_reg[8]/C
                         clock pessimism              0.351    12.474    
                         clock uncertainty           -0.035    12.438    
    SLICE_X153Y55        FDRE (Setup_fdre_C_D)        0.034    12.472    out_reg[8]
  -------------------------------------------------------------------
                         required time                         12.472    
                         arrival time                          -8.311    
  -------------------------------------------------------------------
                         slack                                  4.162    

Slack (MET) :             4.167ns  (required time - arrival time)
  Source:                 bin_in_reg[6]/C
                            (rising edge-triggered cell FDRE clocked by sys_clk_n'  {rise@0.000ns fall@2.500ns period=5.000ns})
  Destination:            out_reg[7]/D
                            (rising edge-triggered cell FDRE clocked by sys_clk_n'  {rise@0.000ns fall@2.500ns period=5.000ns})
  Path Group:             sys_clk_n
  Path Type:              Setup (Max at Slow Process Corner)
  Requirement:            5.000ns  (sys_clk_n fall@7.500ns - sys_clk_n fall@2.500ns)
  Data Path Delay:        0.807ns  (logic 0.328ns (40.638%)  route 0.479ns (59.362%))
  Logic Levels:           1  (LUT6=1)
  Clock Path Skew:        -0.025ns (DCD - SCD + CPR)
    Destination Clock Delay (DCD):    4.622ns = ( 12.122 - 7.500 ) 
    Source Clock Delay      (SCD):    4.999ns = ( 7.499 - 2.500 ) 
    Clock Pessimism Removal (CPR):    0.351ns
  Clock Uncertainty:      0.035ns  ((TSJ^2 + TIJ^2)^1/2 + DJ) / 2 + PE
    Total System Jitter     (TSJ):    0.071ns
    Total Input Jitter      (TIJ):    0.000ns
    Discrete Jitter          (DJ):    0.000ns
    Phase Error              (PE):    0.000ns

    Location             Delay type                Incr(ns)  Path(ns)    Netlist Resource(s)
  -------------------------------------------------------------------    -------------------
                         (clock sys_clk_n fall edge)
                                                      2.500     2.500 f  
    AD11                                              0.000     2.500 f  sys_clk_n (IN)
                         net (fo=0)                   0.000     2.500    sys_clk_n
    AD12                 IBUFDS (Prop_ibufds_IB_O)    0.906     3.406 r  CLK_U/O
                         net (fo=1, routed)           2.299     5.705    clk
    BUFGCTRL_X0Y0        BUFG (Prop_bufg_I_O)         0.093     5.798 r  clk_BUFG_inst/O
                         net (fo=18, routed)          1.701     7.499    clk_BUFG
    SLICE_X153Y54        FDRE                                         r  bin_in_reg[6]/C
  -------------------------------------------------------------------    -------------------
    SLICE_X153Y54        FDRE (Prop_fdre_C_Q)         0.204     7.703 r  bin_in_reg[6]/Q
                         net (fo=9, routed)           0.479     8.182    bin_in_reg_n_0_[6]
    SLICE_X153Y55        LUT6 (Prop_lut6_I5_O)        0.124     8.306 r  out[7]_i_1/O
                         net (fo=1, routed)           0.000     8.306    bcd_out[7]
    SLICE_X153Y55        FDRE                                         r  out_reg[7]/D
  -------------------------------------------------------------------    -------------------

                         (clock sys_clk_n fall edge)
                                                      7.500     7.500 f  
    AD11                                              0.000     7.500 f  sys_clk_n (IN)
                         net (fo=0)                   0.000     7.500    sys_clk_n
    AD12                 IBUFDS (Prop_ibufds_IB_O)    0.803     8.303 r  CLK_U/O
                         net (fo=1, routed)           2.173    10.476    clk
    BUFGCTRL_X0Y0        BUFG (Prop_bufg_I_O)         0.083    10.559 r  clk_BUFG_inst/O
                         net (fo=18, routed)          1.563    12.122    clk_BUFG
    SLICE_X153Y55        FDRE                                         r  out_reg[7]/C
                         clock pessimism              0.351    12.474    
                         clock uncertainty           -0.035    12.438    
    SLICE_X153Y55        FDRE (Setup_fdre_C_D)        0.034    12.472    out_reg[7]
  -------------------------------------------------------------------
                         required time                         12.472    
                         arrival time                          -8.306    
  -------------------------------------------------------------------
                         slack                                  4.167    

Slack (MET) :             4.176ns  (required time - arrival time)
  Source:                 bin_in_reg[2]/C
                            (rising edge-triggered cell FDSE clocked by sys_clk_n'  {rise@0.000ns fall@2.500ns period=5.000ns})
  Destination:            out_reg[6]/D
                            (rising edge-triggered cell FDRE clocked by sys_clk_n'  {rise@0.000ns fall@2.500ns period=5.000ns})
  Path Group:             sys_clk_n
  Path Type:              Setup (Max at Slow Process Corner)
  Requirement:            5.000ns  (sys_clk_n fall@7.500ns - sys_clk_n fall@2.500ns)
  Data Path Delay:        0.796ns  (logic 0.302ns (37.919%)  route 0.494ns (62.081%))
  Logic Levels:           1  (LUT6=1)
  Clock Path Skew:        -0.025ns (DCD - SCD + CPR)
    Destination Clock Delay (DCD):    4.622ns = ( 12.122 - 7.500 ) 
    Source Clock Delay      (SCD):    4.999ns = ( 7.499 - 2.500 ) 
    Clock Pessimism Removal (CPR):    0.351ns
  Clock Uncertainty:      0.035ns  ((TSJ^2 + TIJ^2)^1/2 + DJ) / 2 + PE
    Total System Jitter     (TSJ):    0.071ns
    Total Input Jitter      (TIJ):    0.000ns
    Discrete Jitter          (DJ):    0.000ns
    Phase Error              (PE):    0.000ns

    Location             Delay type                Incr(ns)  Path(ns)    Netlist Resource(s)
  -------------------------------------------------------------------    -------------------
                         (clock sys_clk_n fall edge)
                                                      2.500     2.500 f  
    AD11                                              0.000     2.500 f  sys_clk_n (IN)
                         net (fo=0)                   0.000     2.500    sys_clk_n
    AD12                 IBUFDS (Prop_ibufds_IB_O)    0.906     3.406 r  CLK_U/O
                         net (fo=1, routed)           2.299     5.705    clk
    BUFGCTRL_X0Y0        BUFG (Prop_bufg_I_O)         0.093     5.798 r  clk_BUFG_inst/O
                         net (fo=18, routed)          1.701     7.499    clk_BUFG
    SLICE_X152Y54        FDSE                                         r  bin_in_reg[2]/C
  -------------------------------------------------------------------    -------------------
    SLICE_X152Y54        FDSE (Prop_fdse_C_Q)         0.259     7.758 r  bin_in_reg[2]/Q
                         net (fo=11, routed)          0.494     8.252    bin_in_reg_n_0_[2]
    SLICE_X153Y55        LUT6 (Prop_lut6_I5_O)        0.043     8.295 r  out[6]_i_1/O
                         net (fo=1, routed)           0.000     8.295    bcd_out[6]
    SLICE_X153Y55        FDRE                                         r  out_reg[6]/D
  -------------------------------------------------------------------    -------------------

                         (clock sys_clk_n fall edge)
                                                      7.500     7.500 f  
    AD11                                              0.000     7.500 f  sys_clk_n (IN)
                         net (fo=0)                   0.000     7.500    sys_clk_n
    AD12                 IBUFDS (Prop_ibufds_IB_O)    0.803     8.303 r  CLK_U/O
                         net (fo=1, routed)           2.173    10.476    clk
    BUFGCTRL_X0Y0        BUFG (Prop_bufg_I_O)         0.083    10.559 r  clk_BUFG_inst/O
                         net (fo=18, routed)          1.563    12.122    clk_BUFG
    SLICE_X153Y55        FDRE                                         r  out_reg[6]/C
                         clock pessimism              0.351    12.474    
                         clock uncertainty           -0.035    12.438    
    SLICE_X153Y55        FDRE (Setup_fdre_C_D)        0.033    12.471    out_reg[6]
  -------------------------------------------------------------------
                         required time                         12.471    
                         arrival time                          -8.295    
  -------------------------------------------------------------------
                         slack                                  4.176    

Slack (MET) :             4.177ns  (required time - arrival time)
  Source:                 bin_in_reg[5]/C
                            (rising edge-triggered cell FDRE clocked by sys_clk_n'  {rise@0.000ns fall@2.500ns period=5.000ns})
  Destination:            out_reg[5]/D
                            (rising edge-triggered cell FDRE clocked by sys_clk_n'  {rise@0.000ns fall@2.500ns period=5.000ns})
  Path Group:             sys_clk_n
  Path Type:              Setup (Max at Slow Process Corner)
  Requirement:            5.000ns  (sys_clk_n fall@7.500ns - sys_clk_n fall@2.500ns)
  Data Path Delay:        0.796ns  (logic 0.327ns (41.073%)  route 0.469ns (58.927%))
  Logic Levels:           1  (LUT6=1)
  Clock Path Skew:        -0.025ns (DCD - SCD + CPR)
    Destination Clock Delay (DCD):    4.622ns = ( 12.122 - 7.500 ) 
    Source Clock Delay      (SCD):    4.999ns = ( 7.499 - 2.500 ) 
    Clock Pessimism Removal (CPR):    0.351ns
  Clock Uncertainty:      0.035ns  ((TSJ^2 + TIJ^2)^1/2 + DJ) / 2 + PE
    Total System Jitter     (TSJ):    0.071ns
    Total Input Jitter      (TIJ):    0.000ns
    Discrete Jitter          (DJ):    0.000ns
    Phase Error              (PE):    0.000ns

    Location             Delay type                Incr(ns)  Path(ns)    Netlist Resource(s)
  -------------------------------------------------------------------    -------------------
                         (clock sys_clk_n fall edge)
                                                      2.500     2.500 f  
    AD11                                              0.000     2.500 f  sys_clk_n (IN)
                         net (fo=0)                   0.000     2.500    sys_clk_n
    AD12                 IBUFDS (Prop_ibufds_IB_O)    0.906     3.406 r  CLK_U/O
                         net (fo=1, routed)           2.299     5.705    clk
    BUFGCTRL_X0Y0        BUFG (Prop_bufg_I_O)         0.093     5.798 r  clk_BUFG_inst/O
                         net (fo=18, routed)          1.701     7.499    clk_BUFG
    SLICE_X153Y54        FDRE                                         r  bin_in_reg[5]/C
  -------------------------------------------------------------------    -------------------
    SLICE_X153Y54        FDRE (Prop_fdre_C_Q)         0.204     7.703 r  bin_in_reg[5]/Q
                         net (fo=9, routed)           0.469     8.172    bin_in_reg_n_0_[5]
    SLICE_X153Y55        LUT6 (Prop_lut6_I4_O)        0.123     8.295 r  out[5]_i_1/O
                         net (fo=1, routed)           0.000     8.295    bcd_out[5]
    SLICE_X153Y55        FDRE                                         r  out_reg[5]/D
  -------------------------------------------------------------------    -------------------

                         (clock sys_clk_n fall edge)
                                                      7.500     7.500 f  
    AD11                                              0.000     7.500 f  sys_clk_n (IN)
                         net (fo=0)                   0.000     7.500    sys_clk_n
    AD12                 IBUFDS (Prop_ibufds_IB_O)    0.803     8.303 r  CLK_U/O
                         net (fo=1, routed)           2.173    10.476    clk
    BUFGCTRL_X0Y0        BUFG (Prop_bufg_I_O)         0.083    10.559 r  clk_BUFG_inst/O
                         net (fo=18, routed)          1.563    12.122    clk_BUFG
    SLICE_X153Y55        FDRE                                         r  out_reg[5]/C
                         clock pessimism              0.351    12.474    
                         clock uncertainty           -0.035    12.438    
    SLICE_X153Y55        FDRE (Setup_fdre_C_D)        0.034    12.472    out_reg[5]
  -------------------------------------------------------------------
                         required time                         12.472    
                         arrival time                          -8.295    
  -------------------------------------------------------------------
                         slack                                  4.177    

Slack (MET) :             4.222ns  (required time - arrival time)
  Source:                 bin_in_reg[2]/C
                            (rising edge-triggered cell FDSE clocked by sys_clk_n'  {rise@0.000ns fall@2.500ns period=5.000ns})
  Destination:            bin_in_reg[3]/D
                            (rising edge-triggered cell FDRE clocked by sys_clk_n'  {rise@0.000ns fall@2.500ns period=5.000ns})
  Path Group:             sys_clk_n
  Path Type:              Setup (Max at Slow Process Corner)
  Requirement:            5.000ns  (sys_clk_n fall@7.500ns - sys_clk_n fall@2.500ns)
  Data Path Delay:        0.742ns  (logic 0.259ns (34.896%)  route 0.483ns (65.103%))
  Logic Levels:           0  
  Clock Path Skew:        0.000ns (DCD - SCD + CPR)
    Destination Clock Delay (DCD):    4.622ns = ( 12.122 - 7.500 ) 
    Source Clock Delay      (SCD):    4.999ns = ( 7.499 - 2.500 ) 
    Clock Pessimism Removal (CPR):    0.376ns
  Clock Uncertainty:      0.035ns  ((TSJ^2 + TIJ^2)^1/2 + DJ) / 2 + PE
    Total System Jitter     (TSJ):    0.071ns
    Total Input Jitter      (TIJ):    0.000ns
    Discrete Jitter          (DJ):    0.000ns
    Phase Error              (PE):    0.000ns

    Location             Delay type                Incr(ns)  Path(ns)    Netlist Resource(s)
  -------------------------------------------------------------------    -------------------
                         (clock sys_clk_n fall edge)
                                                      2.500     2.500 f  
    AD11                                              0.000     2.500 f  sys_clk_n (IN)
                         net (fo=0)                   0.000     2.500    sys_clk_n
    AD12                 IBUFDS (Prop_ibufds_IB_O)    0.906     3.406 r  CLK_U/O
                         net (fo=1, routed)           2.299     5.705    clk
    BUFGCTRL_X0Y0        BUFG (Prop_bufg_I_O)         0.093     5.798 r  clk_BUFG_inst/O
                         net (fo=18, routed)          1.701     7.499    clk_BUFG
    SLICE_X152Y54        FDSE                                         r  bin_in_reg[2]/C
  -------------------------------------------------------------------    -------------------
    SLICE_X152Y54        FDSE (Prop_fdse_C_Q)         0.259     7.758 r  bin_in_reg[2]/Q
                         net (fo=11, routed)          0.483     8.241    bin_in_reg_n_0_[2]
    SLICE_X152Y54        FDRE                                         r  bin_in_reg[3]/D
  -------------------------------------------------------------------    -------------------

                         (clock sys_clk_n fall edge)
                                                      7.500     7.500 f  
    AD11                                              0.000     7.500 f  sys_clk_n (IN)
                         net (fo=0)                   0.000     7.500    sys_clk_n
    AD12                 IBUFDS (Prop_ibufds_IB_O)    0.803     8.303 r  CLK_U/O
                         net (fo=1, routed)           2.173    10.476    clk
    BUFGCTRL_X0Y0        BUFG (Prop_bufg_I_O)         0.083    10.559 r  clk_BUFG_inst/O
                         net (fo=18, routed)          1.563    12.122    clk_BUFG
    SLICE_X152Y54        FDRE                                         r  bin_in_reg[3]/C
                         clock pessimism              0.376    12.499    
                         clock uncertainty           -0.035    12.463    
    SLICE_X152Y54        FDRE (Setup_fdre_C_D)        0.000    12.463    bin_in_reg[3]
  -------------------------------------------------------------------
                         required time                         12.463    
                         arrival time                          -8.241    
  -------------------------------------------------------------------
                         slack                                  4.222    





Min Delay Paths
--------------------------------------------------------------------------------------
Slack (MET) :             0.138ns  (arrival time - required time)
  Source:                 bin_in_reg[0]/C
                            (rising edge-triggered cell FDRE clocked by sys_clk_n'  {rise@0.000ns fall@2.500ns period=5.000ns})
  Destination:            out_reg[0]_lopt_replica/D
                            (rising edge-triggered cell FDRE clocked by sys_clk_n'  {rise@0.000ns fall@2.500ns period=5.000ns})
  Path Group:             sys_clk_n
  Path Type:              Hold (Min at Fast Process Corner)
  Requirement:            0.000ns  (sys_clk_n fall@2.500ns - sys_clk_n fall@2.500ns)
  Data Path Delay:        0.180ns  (logic 0.118ns (65.381%)  route 0.062ns (34.619%))
  Logic Levels:           0  
  Clock Path Skew:        0.000ns (DCD - SCD - CPR)
    Destination Clock Delay (DCD):    2.622ns = ( 5.122 - 2.500 ) 
    Source Clock Delay      (SCD):    2.225ns = ( 4.725 - 2.500 ) 
    Clock Pessimism Removal (CPR):    0.396ns

    Location             Delay type                Incr(ns)  Path(ns)    Netlist Resource(s)
  -------------------------------------------------------------------    -------------------
                         (clock sys_clk_n fall edge)
                                                      2.500     2.500 f  
    AD11                                              0.000     2.500 f  sys_clk_n (IN)
                         net (fo=0)                   0.000     2.500    sys_clk_n
    AD12                 IBUFDS (Prop_ibufds_IB_O)    0.388     2.888 r  CLK_U/O
                         net (fo=1, routed)           1.083     3.971    clk
    BUFGCTRL_X0Y0        BUFG (Prop_bufg_I_O)         0.026     3.997 r  clk_BUFG_inst/O
                         net (fo=18, routed)          0.728     4.725    clk_BUFG
    SLICE_X152Y54        FDRE                                         r  bin_in_reg[0]/C
  -------------------------------------------------------------------    -------------------
    SLICE_X152Y54        FDRE (Prop_fdre_C_Q)         0.118     4.843 r  bin_in_reg[0]/Q
                         net (fo=2, routed)           0.062     4.906    bin_in_reg_n_0_[0]
    SLICE_X152Y54        FDRE                                         r  out_reg[0]_lopt_replica/D
  -------------------------------------------------------------------    -------------------

                         (clock sys_clk_n fall edge)
                                                      2.500     2.500 f  
    AD11                                              0.000     2.500 f  sys_clk_n (IN)
                         net (fo=0)                   0.000     2.500    sys_clk_n
    AD12                 IBUFDS (Prop_ibufds_IB_O)    0.470     2.970 r  CLK_U/O
                         net (fo=1, routed)           1.154     4.124    clk
    BUFGCTRL_X0Y0        BUFG (Prop_bufg_I_O)         0.030     4.154 r  clk_BUFG_inst/O
                         net (fo=18, routed)          0.968     5.122    clk_BUFG
    SLICE_X152Y54        FDRE                                         r  out_reg[0]_lopt_replica/C
                         clock pessimism             -0.396     4.725    
    SLICE_X152Y54        FDRE (Hold_fdre_C_D)         0.042     4.767    out_reg[0]_lopt_replica
  -------------------------------------------------------------------
                         required time                         -4.767    
                         arrival time                           4.906    
  -------------------------------------------------------------------
                         slack                                  0.138    

Slack (MET) :             0.170ns  (arrival time - required time)
  Source:                 bin_in_reg[2]/C
                            (rising edge-triggered cell FDSE clocked by sys_clk_n'  {rise@0.000ns fall@2.500ns period=5.000ns})
  Destination:            out_reg[4]/D
                            (rising edge-triggered cell FDRE clocked by sys_clk_n'  {rise@0.000ns fall@2.500ns period=5.000ns})
  Path Group:             sys_clk_n
  Path Type:              Hold (Min at Fast Process Corner)
  Requirement:            0.000ns  (sys_clk_n fall@2.500ns - sys_clk_n fall@2.500ns)
  Data Path Delay:        0.242ns  (logic 0.146ns (60.268%)  route 0.096ns (39.732%))
  Logic Levels:           1  (LUT6=1)
  Clock Path Skew:        0.011ns (DCD - SCD - CPR)
    Destination Clock Delay (DCD):    2.622ns = ( 5.122 - 2.500 ) 
    Source Clock Delay      (SCD):    2.225ns = ( 4.725 - 2.500 ) 
    Clock Pessimism Removal (CPR):    0.385ns

    Location             Delay type                Incr(ns)  Path(ns)    Netlist Resource(s)
  -------------------------------------------------------------------    -------------------
                         (clock sys_clk_n fall edge)
                                                      2.500     2.500 f  
    AD11                                              0.000     2.500 f  sys_clk_n (IN)
                         net (fo=0)                   0.000     2.500    sys_clk_n
    AD12                 IBUFDS (Prop_ibufds_IB_O)    0.388     2.888 r  CLK_U/O
                         net (fo=1, routed)           1.083     3.971    clk
    BUFGCTRL_X0Y0        BUFG (Prop_bufg_I_O)         0.026     3.997 r  clk_BUFG_inst/O
                         net (fo=18, routed)          0.728     4.725    clk_BUFG
    SLICE_X152Y54        FDSE                                         r  bin_in_reg[2]/C
  -------------------------------------------------------------------    -------------------
    SLICE_X152Y54        FDSE (Prop_fdse_C_Q)         0.118     4.843 r  bin_in_reg[2]/Q
                         net (fo=11, routed)          0.096     4.940    bin_in_reg_n_0_[2]
    SLICE_X153Y54        LUT6 (Prop_lut6_I2_O)        0.028     4.968 r  out[4]_i_1/O
                         net (fo=1, routed)           0.000     4.968    bcd_out[4]
    SLICE_X153Y54        FDRE                                         r  out_reg[4]/D
  -------------------------------------------------------------------    -------------------

                         (clock sys_clk_n fall edge)
                                                      2.500     2.500 f  
    AD11                                              0.000     2.500 f  sys_clk_n (IN)
                         net (fo=0)                   0.000     2.500    sys_clk_n
    AD12                 IBUFDS (Prop_ibufds_IB_O)    0.470     2.970 r  CLK_U/O
                         net (fo=1, routed)           1.154     4.124    clk
    BUFGCTRL_X0Y0        BUFG (Prop_bufg_I_O)         0.030     4.154 r  clk_BUFG_inst/O
                         net (fo=18, routed)          0.968     5.122    clk_BUFG
    SLICE_X153Y54        FDRE                                         r  out_reg[4]/C
                         clock pessimism             -0.385     4.736    
    SLICE_X153Y54        FDRE (Hold_fdre_C_D)         0.061     4.797    out_reg[4]
  -------------------------------------------------------------------
                         required time                         -4.797    
                         arrival time                           4.968    
  -------------------------------------------------------------------
                         slack                                  0.170    

Slack (MET) :             0.172ns  (arrival time - required time)
  Source:                 bin_in_reg[2]/C
                            (rising edge-triggered cell FDSE clocked by sys_clk_n'  {rise@0.000ns fall@2.500ns period=5.000ns})
  Destination:            out_reg[1]/D
                            (rising edge-triggered cell FDRE clocked by sys_clk_n'  {rise@0.000ns fall@2.500ns period=5.000ns})
  Path Group:             sys_clk_n
  Path Type:              Hold (Min at Fast Process Corner)
  Requirement:            0.000ns  (sys_clk_n fall@2.500ns - sys_clk_n fall@2.500ns)
  Data Path Delay:        0.244ns  (logic 0.146ns (59.775%)  route 0.098ns (40.226%))
  Logic Levels:           1  (LUT6=1)
  Clock Path Skew:        0.011ns (DCD - SCD - CPR)
    Destination Clock Delay (DCD):    2.622ns = ( 5.122 - 2.500 ) 
    Source Clock Delay      (SCD):    2.225ns = ( 4.725 - 2.500 ) 
    Clock Pessimism Removal (CPR):    0.385ns

    Location             Delay type                Incr(ns)  Path(ns)    Netlist Resource(s)
  -------------------------------------------------------------------    -------------------
                         (clock sys_clk_n fall edge)
                                                      2.500     2.500 f  
    AD11                                              0.000     2.500 f  sys_clk_n (IN)
                         net (fo=0)                   0.000     2.500    sys_clk_n
    AD12                 IBUFDS (Prop_ibufds_IB_O)    0.388     2.888 r  CLK_U/O
                         net (fo=1, routed)           1.083     3.971    clk
    BUFGCTRL_X0Y0        BUFG (Prop_bufg_I_O)         0.026     3.997 r  clk_BUFG_inst/O
                         net (fo=18, routed)          0.728     4.725    clk_BUFG
    SLICE_X152Y54        FDSE                                         r  bin_in_reg[2]/C
  -------------------------------------------------------------------    -------------------
    SLICE_X152Y54        FDSE (Prop_fdse_C_Q)         0.118     4.843 r  bin_in_reg[2]/Q
                         net (fo=11, routed)          0.098     4.942    bin_in_reg_n_0_[2]
    SLICE_X153Y54        LUT6 (Prop_lut6_I2_O)        0.028     4.970 r  out[1]_i_1/O
                         net (fo=1, routed)           0.000     4.970    out[1]_i_1_n_0
    SLICE_X153Y54        FDRE                                         r  out_reg[1]/D
  -------------------------------------------------------------------    -------------------

                         (clock sys_clk_n fall edge)
                                                      2.500     2.500 f  
    AD11                                              0.000     2.500 f  sys_clk_n (IN)
                         net (fo=0)                   0.000     2.500    sys_clk_n
    AD12                 IBUFDS (Prop_ibufds_IB_O)    0.470     2.970 r  CLK_U/O
                         net (fo=1, routed)           1.154     4.124    clk
    BUFGCTRL_X0Y0        BUFG (Prop_bufg_I_O)         0.030     4.154 r  clk_BUFG_inst/O
                         net (fo=18, routed)          0.968     5.122    clk_BUFG
    SLICE_X153Y54        FDRE                                         r  out_reg[1]/C
                         clock pessimism             -0.385     4.736    
    SLICE_X153Y54        FDRE (Hold_fdre_C_D)         0.061     4.797    out_reg[1]
  -------------------------------------------------------------------
                         required time                         -4.797    
                         arrival time                           4.970    
  -------------------------------------------------------------------
                         slack                                  0.172    

Slack (MET) :             0.184ns  (arrival time - required time)
  Source:                 bin_in_reg[0]/C
                            (rising edge-triggered cell FDRE clocked by sys_clk_n'  {rise@0.000ns fall@2.500ns period=5.000ns})
  Destination:            out_reg[0]/D
                            (rising edge-triggered cell FDRE clocked by sys_clk_n'  {rise@0.000ns fall@2.500ns period=5.000ns})
  Path Group:             sys_clk_n
  Path Type:              Hold (Min at Fast Process Corner)
  Requirement:            0.000ns  (sys_clk_n fall@2.500ns - sys_clk_n fall@2.500ns)
  Data Path Delay:        0.224ns  (logic 0.118ns (52.737%)  route 0.106ns (47.263%))
  Logic Levels:           0  
  Clock Path Skew:        0.000ns (DCD - SCD - CPR)
    Destination Clock Delay (DCD):    2.622ns = ( 5.122 - 2.500 ) 
    Source Clock Delay      (SCD):    2.225ns = ( 4.725 - 2.500 ) 
    Clock Pessimism Removal (CPR):    0.396ns

    Location             Delay type                Incr(ns)  Path(ns)    Netlist Resource(s)
  -------------------------------------------------------------------    -------------------
                         (clock sys_clk_n fall edge)
                                                      2.500     2.500 f  
    AD11                                              0.000     2.500 f  sys_clk_n (IN)
                         net (fo=0)                   0.000     2.500    sys_clk_n
    AD12                 IBUFDS (Prop_ibufds_IB_O)    0.388     2.888 r  CLK_U/O
                         net (fo=1, routed)           1.083     3.971    clk
    BUFGCTRL_X0Y0        BUFG (Prop_bufg_I_O)         0.026     3.997 r  clk_BUFG_inst/O
                         net (fo=18, routed)          0.728     4.725    clk_BUFG
    SLICE_X152Y54        FDRE                                         r  bin_in_reg[0]/C
  -------------------------------------------------------------------    -------------------
    SLICE_X152Y54        FDRE (Prop_fdre_C_Q)         0.118     4.843 r  bin_in_reg[0]/Q
                         net (fo=2, routed)           0.106     4.949    bin_in_reg_n_0_[0]
    SLICE_X152Y54        FDRE                                         r  out_reg[0]/D
  -------------------------------------------------------------------    -------------------

                         (clock sys_clk_n fall edge)
                                                      2.500     2.500 f  
    AD11                                              0.000     2.500 f  sys_clk_n (IN)
                         net (fo=0)                   0.000     2.500    sys_clk_n
    AD12                 IBUFDS (Prop_ibufds_IB_O)    0.470     2.970 r  CLK_U/O
                         net (fo=1, routed)           1.154     4.124    clk
    BUFGCTRL_X0Y0        BUFG (Prop_bufg_I_O)         0.030     4.154 r  clk_BUFG_inst/O
                         net (fo=18, routed)          0.968     5.122    clk_BUFG
    SLICE_X152Y54        FDRE                                         r  out_reg[0]/C
                         clock pessimism             -0.396     4.725    
    SLICE_X152Y54        FDRE (Hold_fdre_C_D)         0.040     4.765    out_reg[0]
  -------------------------------------------------------------------
                         required time                         -4.765    
                         arrival time                           4.949    
  -------------------------------------------------------------------
                         slack                                  0.184    

Slack (MET) :             0.201ns  (arrival time - required time)
  Source:                 bin_in_reg[3]/C
                            (rising edge-triggered cell FDRE clocked by sys_clk_n'  {rise@0.000ns fall@2.500ns period=5.000ns})
  Destination:            out_reg[7]/D
                            (rising edge-triggered cell FDRE clocked by sys_clk_n'  {rise@0.000ns fall@2.500ns period=5.000ns})
  Path Group:             sys_clk_n
  Path Type:              Hold (Min at Fast Process Corner)
  Requirement:            0.000ns  (sys_clk_n fall@2.500ns - sys_clk_n fall@2.500ns)
  Data Path Delay:        0.276ns  (logic 0.146ns (52.817%)  route 0.130ns (47.183%))
  Logic Levels:           1  (LUT6=1)
  Clock Path Skew:        0.014ns (DCD - SCD - CPR)
    Destination Clock Delay (DCD):    2.622ns = ( 5.122 - 2.500 ) 
    Source Clock Delay      (SCD):    2.225ns = ( 4.725 - 2.500 ) 
    Clock Pessimism Removal (CPR):    0.382ns

    Location             Delay type                Incr(ns)  Path(ns)    Netlist Resource(s)
  -------------------------------------------------------------------    -------------------
                         (clock sys_clk_n fall edge)
                                                      2.500     2.500 f  
    AD11                                              0.000     2.500 f  sys_clk_n (IN)
                         net (fo=0)                   0.000     2.500    sys_clk_n
    AD12                 IBUFDS (Prop_ibufds_IB_O)    0.388     2.888 r  CLK_U/O
                         net (fo=1, routed)           1.083     3.971    clk
    BUFGCTRL_X0Y0        BUFG (Prop_bufg_I_O)         0.026     3.997 r  clk_BUFG_inst/O
                         net (fo=18, routed)          0.728     4.725    clk_BUFG
    SLICE_X152Y54        FDRE                                         r  bin_in_reg[3]/C
  -------------------------------------------------------------------    -------------------
    SLICE_X152Y54        FDRE (Prop_fdre_C_Q)         0.118     4.843 r  bin_in_reg[3]/Q
                         net (fo=13, routed)          0.130     4.974    bin_in_reg_n_0_[3]
    SLICE_X153Y55        LUT6 (Prop_lut6_I1_O)        0.028     5.002 r  out[7]_i_1/O
                         net (fo=1, routed)           0.000     5.002    bcd_out[7]
    SLICE_X153Y55        FDRE                                         r  out_reg[7]/D
  -------------------------------------------------------------------    -------------------

                         (clock sys_clk_n fall edge)
                                                      2.500     2.500 f  
    AD11                                              0.000     2.500 f  sys_clk_n (IN)
                         net (fo=0)                   0.000     2.500    sys_clk_n
    AD12                 IBUFDS (Prop_ibufds_IB_O)    0.470     2.970 r  CLK_U/O
                         net (fo=1, routed)           1.154     4.124    clk
    BUFGCTRL_X0Y0        BUFG (Prop_bufg_I_O)         0.030     4.154 r  clk_BUFG_inst/O
                         net (fo=18, routed)          0.968     5.122    clk_BUFG
    SLICE_X153Y55        FDRE                                         r  out_reg[7]/C
                         clock pessimism             -0.382     4.739    
    SLICE_X153Y55        FDRE (Hold_fdre_C_D)         0.061     4.800    out_reg[7]
  -------------------------------------------------------------------
                         required time                         -4.800    
                         arrival time                           5.002    
  -------------------------------------------------------------------
                         slack                                  0.201    

Slack (MET) :             0.203ns  (arrival time - required time)
  Source:                 bin_in_reg[3]/C
                            (rising edge-triggered cell FDRE clocked by sys_clk_n'  {rise@0.000ns fall@2.500ns period=5.000ns})
  Destination:            out_reg[8]/D
                            (rising edge-triggered cell FDRE clocked by sys_clk_n'  {rise@0.000ns fall@2.500ns period=5.000ns})
  Path Group:             sys_clk_n
  Path Type:              Hold (Min at Fast Process Corner)
  Requirement:            0.000ns  (sys_clk_n fall@2.500ns - sys_clk_n fall@2.500ns)
  Data Path Delay:        0.278ns  (logic 0.146ns (52.437%)  route 0.132ns (47.563%))
  Logic Levels:           1  (LUT6=1)
  Clock Path Skew:        0.014ns (DCD - SCD - CPR)
    Destination Clock Delay (DCD):    2.622ns = ( 5.122 - 2.500 ) 
    Source Clock Delay      (SCD):    2.225ns = ( 4.725 - 2.500 ) 
    Clock Pessimism Removal (CPR):    0.382ns

    Location             Delay type                Incr(ns)  Path(ns)    Netlist Resource(s)
  -------------------------------------------------------------------    -------------------
                         (clock sys_clk_n fall edge)
                                                      2.500     2.500 f  
    AD11                                              0.000     2.500 f  sys_clk_n (IN)
                         net (fo=0)                   0.000     2.500    sys_clk_n
    AD12                 IBUFDS (Prop_ibufds_IB_O)    0.388     2.888 r  CLK_U/O
                         net (fo=1, routed)           1.083     3.971    clk
    BUFGCTRL_X0Y0        BUFG (Prop_bufg_I_O)         0.026     3.997 r  clk_BUFG_inst/O
                         net (fo=18, routed)          0.728     4.725    clk_BUFG
    SLICE_X152Y54        FDRE                                         r  bin_in_reg[3]/C
  -------------------------------------------------------------------    -------------------
    SLICE_X152Y54        FDRE (Prop_fdre_C_Q)         0.118     4.843 r  bin_in_reg[3]/Q
                         net (fo=13, routed)          0.132     4.976    bin_in_reg_n_0_[3]
    SLICE_X153Y55        LUT6 (Prop_lut6_I1_O)        0.028     5.004 r  out[8]_i_1/O
                         net (fo=1, routed)           0.000     5.004    bcd_out[8]
    SLICE_X153Y55        FDRE                                         r  out_reg[8]/D
  -------------------------------------------------------------------    -------------------

                         (clock sys_clk_n fall edge)
                                                      2.500     2.500 f  
    AD11                                              0.000     2.500 f  sys_clk_n (IN)
                         net (fo=0)                   0.000     2.500    sys_clk_n
    AD12                 IBUFDS (Prop_ibufds_IB_O)    0.470     2.970 r  CLK_U/O
                         net (fo=1, routed)           1.154     4.124    clk
    BUFGCTRL_X0Y0        BUFG (Prop_bufg_I_O)         0.030     4.154 r  clk_BUFG_inst/O
                         net (fo=18, routed)          0.968     5.122    clk_BUFG
    SLICE_X153Y55        FDRE                                         r  out_reg[8]/C
                         clock pessimism             -0.382     4.739    
    SLICE_X153Y55        FDRE (Hold_fdre_C_D)         0.061     4.800    out_reg[8]
  -------------------------------------------------------------------
                         required time                         -4.800    
                         arrival time                           5.004    
  -------------------------------------------------------------------
                         slack                                  0.203    

Slack (MET) :             0.209ns  (arrival time - required time)
  Source:                 bin_in_reg[5]/C
                            (rising edge-triggered cell FDRE clocked by sys_clk_n'  {rise@0.000ns fall@2.500ns period=5.000ns})
  Destination:            bin_in_reg[6]/D
                            (rising edge-triggered cell FDRE clocked by sys_clk_n'  {rise@0.000ns fall@2.500ns period=5.000ns})
  Path Group:             sys_clk_n
  Path Type:              Hold (Min at Fast Process Corner)
  Requirement:            0.000ns  (sys_clk_n fall@2.500ns - sys_clk_n fall@2.500ns)
  Data Path Delay:        0.220ns  (logic 0.091ns (41.325%)  route 0.129ns (58.675%))
  Logic Levels:           0  
  Clock Path Skew:        0.000ns (DCD - SCD - CPR)
    Destination Clock Delay (DCD):    2.622ns = ( 5.122 - 2.500 ) 
    Source Clock Delay      (SCD):    2.225ns = ( 4.725 - 2.500 ) 
    Clock Pessimism Removal (CPR):    0.396ns

    Location             Delay type                Incr(ns)  Path(ns)    Netlist Resource(s)
  -------------------------------------------------------------------    -------------------
                         (clock sys_clk_n fall edge)
                                                      2.500     2.500 f  
    AD11                                              0.000     2.500 f  sys_clk_n (IN)
                         net (fo=0)                   0.000     2.500    sys_clk_n
    AD12                 IBUFDS (Prop_ibufds_IB_O)    0.388     2.888 r  CLK_U/O
                         net (fo=1, routed)           1.083     3.971    clk
    BUFGCTRL_X0Y0        BUFG (Prop_bufg_I_O)         0.026     3.997 r  clk_BUFG_inst/O
                         net (fo=18, routed)          0.728     4.725    clk_BUFG
    SLICE_X153Y54        FDRE                                         r  bin_in_reg[5]/C
  -------------------------------------------------------------------    -------------------
    SLICE_X153Y54        FDRE (Prop_fdre_C_Q)         0.091     4.816 r  bin_in_reg[5]/Q
                         net (fo=9, routed)           0.129     4.946    bin_in_reg_n_0_[5]
    SLICE_X153Y54        FDRE                                         r  bin_in_reg[6]/D
  -------------------------------------------------------------------    -------------------

                         (clock sys_clk_n fall edge)
                                                      2.500     2.500 f  
    AD11                                              0.000     2.500 f  sys_clk_n (IN)
                         net (fo=0)                   0.000     2.500    sys_clk_n
    AD12                 IBUFDS (Prop_ibufds_IB_O)    0.470     2.970 r  CLK_U/O
                         net (fo=1, routed)           1.154     4.124    clk
    BUFGCTRL_X0Y0        BUFG (Prop_bufg_I_O)         0.030     4.154 r  clk_BUFG_inst/O
                         net (fo=18, routed)          0.968     5.122    clk_BUFG
    SLICE_X153Y54        FDRE                                         r  bin_in_reg[6]/C
                         clock pessimism             -0.396     4.725    
    SLICE_X153Y54        FDRE (Hold_fdre_C_D)         0.011     4.736    bin_in_reg[6]
  -------------------------------------------------------------------
                         required time                         -4.736    
                         arrival time                           4.946    
  -------------------------------------------------------------------
                         slack                                  0.209    

Slack (MET) :             0.210ns  (arrival time - required time)
  Source:                 bin_in_reg[4]/C
                            (rising edge-triggered cell FDSE clocked by sys_clk_n'  {rise@0.000ns fall@2.500ns period=5.000ns})
  Destination:            out_reg[6]/D
                            (rising edge-triggered cell FDRE clocked by sys_clk_n'  {rise@0.000ns fall@2.500ns period=5.000ns})
  Path Group:             sys_clk_n
  Path Type:              Hold (Min at Fast Process Corner)
  Requirement:            0.000ns  (sys_clk_n fall@2.500ns - sys_clk_n fall@2.500ns)
  Data Path Delay:        0.284ns  (logic 0.157ns (55.267%)  route 0.127ns (44.733%))
  Logic Levels:           1  (LUT6=1)
  Clock Path Skew:        0.014ns (DCD - SCD - CPR)
    Destination Clock Delay (DCD):    2.622ns = ( 5.122 - 2.500 ) 
    Source Clock Delay      (SCD):    2.225ns = ( 4.725 - 2.500 ) 
    Clock Pessimism Removal (CPR):    0.382ns

    Location             Delay type                Incr(ns)  Path(ns)    Netlist Resource(s)
  -------------------------------------------------------------------    -------------------
                         (clock sys_clk_n fall edge)
                                                      2.500     2.500 f  
    AD11                                              0.000     2.500 f  sys_clk_n (IN)
                         net (fo=0)                   0.000     2.500    sys_clk_n
    AD12                 IBUFDS (Prop_ibufds_IB_O)    0.388     2.888 r  CLK_U/O
                         net (fo=1, routed)           1.083     3.971    clk
    BUFGCTRL_X0Y0        BUFG (Prop_bufg_I_O)         0.026     3.997 r  clk_BUFG_inst/O
                         net (fo=18, routed)          0.728     4.725    clk_BUFG
    SLICE_X153Y54        FDSE                                         r  bin_in_reg[4]/C
  -------------------------------------------------------------------    -------------------
    SLICE_X153Y54        FDSE (Prop_fdse_C_Q)         0.091     4.816 r  bin_in_reg[4]/Q
                         net (fo=9, routed)           0.127     4.944    p_0_in[0]
    SLICE_X153Y55        LUT6 (Prop_lut6_I3_O)        0.066     5.010 r  out[6]_i_1/O
                         net (fo=1, routed)           0.000     5.010    bcd_out[6]
    SLICE_X153Y55        FDRE                                         r  out_reg[6]/D
  -------------------------------------------------------------------    -------------------

                         (clock sys_clk_n fall edge)
                                                      2.500     2.500 f  
    AD11                                              0.000     2.500 f  sys_clk_n (IN)
                         net (fo=0)                   0.000     2.500    sys_clk_n
    AD12                 IBUFDS (Prop_ibufds_IB_O)    0.470     2.970 r  CLK_U/O
                         net (fo=1, routed)           1.154     4.124    clk
    BUFGCTRL_X0Y0        BUFG (Prop_bufg_I_O)         0.030     4.154 r  clk_BUFG_inst/O
                         net (fo=18, routed)          0.968     5.122    clk_BUFG
    SLICE_X153Y55        FDRE                                         r  out_reg[6]/C
                         clock pessimism             -0.382     4.739    
    SLICE_X153Y55        FDRE (Hold_fdre_C_D)         0.060     4.799    out_reg[6]
  -------------------------------------------------------------------
                         required time                         -4.799    
                         arrival time                           5.010    
  -------------------------------------------------------------------
                         slack                                  0.210    

Slack (MET) :             0.211ns  (arrival time - required time)
  Source:                 bin_in_reg[4]/C
                            (rising edge-triggered cell FDSE clocked by sys_clk_n'  {rise@0.000ns fall@2.500ns period=5.000ns})
  Destination:            out_reg[5]/D
                            (rising edge-triggered cell FDRE clocked by sys_clk_n'  {rise@0.000ns fall@2.500ns period=5.000ns})
  Path Group:             sys_clk_n
  Path Type:              Hold (Min at Fast Process Corner)
  Requirement:            0.000ns  (sys_clk_n fall@2.500ns - sys_clk_n fall@2.500ns)
  Data Path Delay:        0.285ns  (logic 0.157ns (55.073%)  route 0.128ns (44.927%))
  Logic Levels:           1  (LUT6=1)
  Clock Path Skew:        0.014ns (DCD - SCD - CPR)
    Destination Clock Delay (DCD):    2.622ns = ( 5.122 - 2.500 ) 
    Source Clock Delay      (SCD):    2.225ns = ( 4.725 - 2.500 ) 
    Clock Pessimism Removal (CPR):    0.382ns

    Location             Delay type                Incr(ns)  Path(ns)    Netlist Resource(s)
  -------------------------------------------------------------------    -------------------
                         (clock sys_clk_n fall edge)
                                                      2.500     2.500 f  
    AD11                                              0.000     2.500 f  sys_clk_n (IN)
                         net (fo=0)                   0.000     2.500    sys_clk_n
    AD12                 IBUFDS (Prop_ibufds_IB_O)    0.388     2.888 r  CLK_U/O
                         net (fo=1, routed)           1.083     3.971    clk
    BUFGCTRL_X0Y0        BUFG (Prop_bufg_I_O)         0.026     3.997 r  clk_BUFG_inst/O
                         net (fo=18, routed)          0.728     4.725    clk_BUFG
    SLICE_X153Y54        FDSE                                         r  bin_in_reg[4]/C
  -------------------------------------------------------------------    -------------------
    SLICE_X153Y54        FDSE (Prop_fdse_C_Q)         0.091     4.816 r  bin_in_reg[4]/Q
                         net (fo=9, routed)           0.128     4.945    p_0_in[0]
    SLICE_X153Y55        LUT6 (Prop_lut6_I2_O)        0.066     5.011 r  out[5]_i_1/O
                         net (fo=1, routed)           0.000     5.011    bcd_out[5]
    SLICE_X153Y55        FDRE                                         r  out_reg[5]/D
  -------------------------------------------------------------------    -------------------

                         (clock sys_clk_n fall edge)
                                                      2.500     2.500 f  
    AD11                                              0.000     2.500 f  sys_clk_n (IN)
                         net (fo=0)                   0.000     2.500    sys_clk_n
    AD12                 IBUFDS (Prop_ibufds_IB_O)    0.470     2.970 r  CLK_U/O
                         net (fo=1, routed)           1.154     4.124    clk
    BUFGCTRL_X0Y0        BUFG (Prop_bufg_I_O)         0.030     4.154 r  clk_BUFG_inst/O
                         net (fo=18, routed)          0.968     5.122    clk_BUFG
    SLICE_X153Y55        FDRE                                         r  out_reg[5]/C
                         clock pessimism             -0.382     4.739    
    SLICE_X153Y55        FDRE (Hold_fdre_C_D)         0.060     4.799    out_reg[5]
  -------------------------------------------------------------------
                         required time                         -4.799    
                         arrival time                           5.011    
  -------------------------------------------------------------------
                         slack                                  0.211    

Slack (MET) :             0.220ns  (arrival time - required time)
  Source:                 out_reg[0]/C
                            (rising edge-triggered cell FDRE clocked by sys_clk_n'  {rise@0.000ns fall@2.500ns period=5.000ns})
  Destination:            bin_in_reg[2]/D
                            (rising edge-triggered cell FDSE clocked by sys_clk_n'  {rise@0.000ns fall@2.500ns period=5.000ns})
  Path Group:             sys_clk_n
  Path Type:              Hold (Min at Fast Process Corner)
  Requirement:            0.000ns  (sys_clk_n fall@2.500ns - sys_clk_n fall@2.500ns)
  Data Path Delay:        0.252ns  (logic 0.118ns (46.827%)  route 0.134ns (53.173%))
  Logic Levels:           0  
  Clock Path Skew:        0.000ns (DCD - SCD - CPR)
    Destination Clock Delay (DCD):    2.622ns = ( 5.122 - 2.500 ) 
    Source Clock Delay      (SCD):    2.225ns = ( 4.725 - 2.500 ) 
    Clock Pessimism Removal (CPR):    0.396ns

    Location             Delay type                Incr(ns)  Path(ns)    Netlist Resource(s)
  -------------------------------------------------------------------    -------------------
                         (clock sys_clk_n fall edge)
                                                      2.500     2.500 f  
    AD11                                              0.000     2.500 f  sys_clk_n (IN)
                         net (fo=0)                   0.000     2.500    sys_clk_n
    AD12                 IBUFDS (Prop_ibufds_IB_O)    0.388     2.888 r  CLK_U/O
                         net (fo=1, routed)           1.083     3.971    clk
    BUFGCTRL_X0Y0        BUFG (Prop_bufg_I_O)         0.026     3.997 r  clk_BUFG_inst/O
                         net (fo=18, routed)          0.728     4.725    clk_BUFG
    SLICE_X152Y54        FDRE                                         r  out_reg[0]/C
  -------------------------------------------------------------------    -------------------
    SLICE_X152Y54        FDRE (Prop_fdre_C_Q)         0.118     4.843 r  out_reg[0]/Q
                         net (fo=5, routed)           0.134     4.977    out_OBUF[0]
    SLICE_X152Y54        FDSE                                         r  bin_in_reg[2]/D
  -------------------------------------------------------------------    -------------------

                         (clock sys_clk_n fall edge)
                                                      2.500     2.500 f  
    AD11                                              0.000     2.500 f  sys_clk_n (IN)
                         net (fo=0)                   0.000     2.500    sys_clk_n
    AD12                 IBUFDS (Prop_ibufds_IB_O)    0.470     2.970 r  CLK_U/O
                         net (fo=1, routed)           1.154     4.124    clk
    BUFGCTRL_X0Y0        BUFG (Prop_bufg_I_O)         0.030     4.154 r  clk_BUFG_inst/O
                         net (fo=18, routed)          0.968     5.122    clk_BUFG
    SLICE_X152Y54        FDSE                                         r  bin_in_reg[2]/C
                         clock pessimism             -0.396     4.725    
    SLICE_X152Y54        FDSE (Hold_fdse_C_D)         0.032     4.757    bin_in_reg[2]
  -------------------------------------------------------------------
                         required time                         -4.757    
                         arrival time                           4.977    
  -------------------------------------------------------------------
                         slack                                  0.220    





Pulse Width Checks
--------------------------------------------------------------------------------------
Clock Name:         sys_clk_n
Waveform(ns):       { 0.000 2.500 }
Period(ns):         5.000
Sources:            { sys_clk_n }

Check Type        Corner  Lib Pin  Reference Pin  Required(ns)  Actual(ns)  Slack(ns)  Location       Pin
Min Period        n/a     BUFG/I   n/a            1.408         5.000       3.591      BUFGCTRL_X0Y0  clk_BUFG_inst/I
Min Period        n/a     FDSE/C   n/a            0.750         5.000       4.250      SLICE_X153Y54  bin_in_reg[4]/C
Min Period        n/a     FDRE/C   n/a            0.750         5.000       4.250      SLICE_X153Y54  bin_in_reg[5]/C
Min Period        n/a     FDRE/C   n/a            0.750         5.000       4.250      SLICE_X153Y54  bin_in_reg[6]/C
Min Period        n/a     FDSE/C   n/a            0.750         5.000       4.250      SLICE_X153Y54  bin_in_reg[7]/C
Min Period        n/a     FDRE/C   n/a            0.750         5.000       4.250      SLICE_X152Y54  out_reg[0]_lopt_replica/C
Min Period        n/a     FDRE/C   n/a            0.700         5.000       4.300      SLICE_X152Y54  bin_in_reg[0]/C
Min Period        n/a     FDSE/C   n/a            0.700         5.000       4.300      SLICE_X152Y54  bin_in_reg[2]/C
Min Period        n/a     FDRE/C   n/a            0.700         5.000       4.300      SLICE_X152Y54  bin_in_reg[3]/C
Min Period        n/a     FDRE/C   n/a            0.700         5.000       4.300      SLICE_X152Y54  out_reg[0]/C
Low Pulse Width   Slow    FDSE/C   n/a            0.400         2.500       2.100      SLICE_X153Y54  bin_in_reg[4]/C
Low Pulse Width   Fast    FDSE/C   n/a            0.400         2.500       2.100      SLICE_X153Y54  bin_in_reg[4]/C
Low Pulse Width   Slow    FDRE/C   n/a            0.400         2.500       2.100      SLICE_X153Y54  bin_in_reg[5]/C
Low Pulse Width   Fast    FDRE/C   n/a            0.400         2.500       2.100      SLICE_X153Y54  bin_in_reg[5]/C
Low Pulse Width   Slow    FDRE/C   n/a            0.400         2.500       2.100      SLICE_X153Y54  bin_in_reg[6]/C
Low Pulse Width   Fast    FDRE/C   n/a            0.400         2.500       2.100      SLICE_X153Y54  bin_in_reg[6]/C
Low Pulse Width   Slow    FDSE/C   n/a            0.400         2.500       2.100      SLICE_X153Y54  bin_in_reg[7]/C
Low Pulse Width   Fast    FDSE/C   n/a            0.400         2.500       2.100      SLICE_X153Y54  bin_in_reg[7]/C
Low Pulse Width   Slow    FDRE/C   n/a            0.400         2.500       2.100      SLICE_X152Y54  out_reg[0]_lopt_replica/C
Low Pulse Width   Fast    FDRE/C   n/a            0.400         2.500       2.100      SLICE_X152Y54  out_reg[0]_lopt_replica/C
High Pulse Width  Slow    FDRE/C   n/a            0.350         2.500       2.150      SLICE_X152Y54  bin_in_reg[0]/C
High Pulse Width  Fast    FDRE/C   n/a            0.350         2.500       2.150      SLICE_X152Y54  bin_in_reg[0]/C
High Pulse Width  Slow    FDSE/C   n/a            0.350         2.500       2.150      SLICE_X152Y54  bin_in_reg[2]/C
High Pulse Width  Fast    FDSE/C   n/a            0.350         2.500       2.150      SLICE_X152Y54  bin_in_reg[2]/C
High Pulse Width  Slow    FDRE/C   n/a            0.350         2.500       2.150      SLICE_X152Y54  bin_in_reg[3]/C
High Pulse Width  Fast    FDRE/C   n/a            0.350         2.500       2.150      SLICE_X152Y54  bin_in_reg[3]/C
High Pulse Width  Slow    FDSE/C   n/a            0.350         2.500       2.150      SLICE_X153Y54  bin_in_reg[4]/C
High Pulse Width  Fast    FDSE/C   n/a            0.350         2.500       2.150      SLICE_X153Y54  bin_in_reg[4]/C
High Pulse Width  Slow    FDRE/C   n/a            0.350         2.500       2.150      SLICE_X153Y54  bin_in_reg[5]/C
High Pulse Width  Fast    FDRE/C   n/a            0.350         2.500       2.150      SLICE_X153Y54  bin_in_reg[5]/C



--------------------------------------------------------------------------------------
Path Group:  (none)
From Clock:  sys_clk_n
  To Clock:  

Max Delay            10 Endpoints
Min Delay            10 Endpoints
--------------------------------------------------------------------------------------


Max Delay Paths
--------------------------------------------------------------------------------------
Slack:                    inf
  Source:                 out_reg[1]/C
                            (rising edge-triggered cell FDRE clocked by sys_clk_n'  {rise@0.000ns fall@2.500ns period=5.000ns})
  Destination:            out[1]
                            (output port)
  Path Group:             (none)
  Path Type:              Max at Slow Process Corner
  Data Path Delay:        3.546ns  (logic 2.247ns (63.372%)  route 1.299ns (36.628%))
  Logic Levels:           1  (OBUF=1)
  Clock Uncertainty:      0.025ns  ((TSJ^2 + TIJ^2)^1/2 + DJ) / 2 + PE
    Total System Jitter     (TSJ):    0.050ns
    Total Input Jitter      (TIJ):    0.000ns
    Discrete Jitter          (DJ):    0.000ns
    Phase Error              (PE):    0.000ns

    Location             Delay type                Incr(ns)  Path(ns)    Netlist Resource(s)
  -------------------------------------------------------------------    -------------------
                         (clock sys_clk_n fall edge)
                                                      2.500     2.500 f  
    AD11                                              0.000     2.500 f  sys_clk_n (IN)
                         net (fo=0)                   0.000     2.500    sys_clk_n
    AD12                 IBUFDS (Prop_ibufds_IB_O)    0.906     3.406 r  CLK_U/O
                         net (fo=1, routed)           2.299     5.705    clk
    BUFGCTRL_X0Y0        BUFG (Prop_bufg_I_O)         0.093     5.798 r  clk_BUFG_inst/O
                         net (fo=18, routed)          1.701     7.499    clk_BUFG
    SLICE_X153Y54        FDRE                                         r  out_reg[1]/C
  -------------------------------------------------------------------    -------------------
    SLICE_X153Y54        FDRE (Prop_fdre_C_Q)         0.223     7.722 r  out_reg[1]/Q
                         net (fo=1, routed)           1.299     9.021    out_OBUF[1]
    AH12                 OBUF (Prop_obuf_I_O)         2.024    11.045 r  out_OBUF[1]_inst/O
                         net (fo=0)                   0.000    11.045    out[1]
    AH12                                                              r  out[1] (OUT)
  -------------------------------------------------------------------    -------------------

Slack:                    inf
  Source:                 out_reg[9]/C
                            (rising edge-triggered cell FDRE clocked by sys_clk_n'  {rise@0.000ns fall@2.500ns period=5.000ns})
  Destination:            out[9]
                            (output port)
  Path Group:             (none)
  Path Type:              Max at Slow Process Corner
  Data Path Delay:        3.542ns  (logic 2.316ns (65.395%)  route 1.226ns (34.605%))
  Logic Levels:           1  (OBUF=1)
  Clock Uncertainty:      0.025ns  ((TSJ^2 + TIJ^2)^1/2 + DJ) / 2 + PE
    Total System Jitter     (TSJ):    0.050ns
    Total Input Jitter      (TIJ):    0.000ns
    Discrete Jitter          (DJ):    0.000ns
    Phase Error              (PE):    0.000ns

    Location             Delay type                Incr(ns)  Path(ns)    Netlist Resource(s)
  -------------------------------------------------------------------    -------------------
                         (clock sys_clk_n fall edge)
                                                      2.500     2.500 f  
    AD11                                              0.000     2.500 f  sys_clk_n (IN)
                         net (fo=0)                   0.000     2.500    sys_clk_n
    AD12                 IBUFDS (Prop_ibufds_IB_O)    0.906     3.406 r  CLK_U/O
                         net (fo=1, routed)           2.299     5.705    clk
    BUFGCTRL_X0Y0        BUFG (Prop_bufg_I_O)         0.093     5.798 r  clk_BUFG_inst/O
                         net (fo=18, routed)          1.700     7.498    clk_BUFG
    SLICE_X152Y57        FDRE                                         r  out_reg[9]/C
  -------------------------------------------------------------------    -------------------
    SLICE_X152Y57        FDRE (Prop_fdre_C_Q)         0.259     7.757 r  out_reg[9]/Q
                         net (fo=1, routed)           1.226     8.982    out_OBUF[9]
    AK13                 OBUF (Prop_obuf_I_O)         2.057    11.039 r  out_OBUF[9]_inst/O
                         net (fo=0)                   0.000    11.039    out[9]
    AK13                                                              r  out[9] (OUT)
  -------------------------------------------------------------------    -------------------

Slack:                    inf
  Source:                 out_reg[8]/C
                            (rising edge-triggered cell FDRE clocked by sys_clk_n'  {rise@0.000ns fall@2.500ns period=5.000ns})
  Destination:            out[8]
                            (output port)
  Path Group:             (none)
  Path Type:              Max at Slow Process Corner
  Data Path Delay:        3.539ns  (logic 2.270ns (64.149%)  route 1.269ns (35.851%))
  Logic Levels:           1  (OBUF=1)
  Clock Uncertainty:      0.025ns  ((TSJ^2 + TIJ^2)^1/2 + DJ) / 2 + PE
    Total System Jitter     (TSJ):    0.050ns
    Total Input Jitter      (TIJ):    0.000ns
    Discrete Jitter          (DJ):    0.000ns
    Phase Error              (PE):    0.000ns

    Location             Delay type                Incr(ns)  Path(ns)    Netlist Resource(s)
  -------------------------------------------------------------------    -------------------
                         (clock sys_clk_n fall edge)
                                                      2.500     2.500 f  
    AD11                                              0.000     2.500 f  sys_clk_n (IN)
                         net (fo=0)                   0.000     2.500    sys_clk_n
    AD12                 IBUFDS (Prop_ibufds_IB_O)    0.906     3.406 r  CLK_U/O
                         net (fo=1, routed)           2.299     5.705    clk
    BUFGCTRL_X0Y0        BUFG (Prop_bufg_I_O)         0.093     5.798 r  clk_BUFG_inst/O
                         net (fo=18, routed)          1.701     7.499    clk_BUFG
    SLICE_X153Y55        FDRE                                         r  out_reg[8]/C
  -------------------------------------------------------------------    -------------------
    SLICE_X153Y55        FDRE (Prop_fdre_C_Q)         0.223     7.722 r  out_reg[8]/Q
                         net (fo=1, routed)           1.269     8.990    out_OBUF[8]
    AH14                 OBUF (Prop_obuf_I_O)         2.047    11.037 r  out_OBUF[8]_inst/O
                         net (fo=0)                   0.000    11.037    out[8]
    AH14                                                              r  out[8] (OUT)
  -------------------------------------------------------------------    -------------------

Slack:                    inf
  Source:                 out_reg[7]/C
                            (rising edge-triggered cell FDRE clocked by sys_clk_n'  {rise@0.000ns fall@2.500ns period=5.000ns})
  Destination:            out[7]
                            (output port)
  Path Group:             (none)
  Path Type:              Max at Slow Process Corner
  Data Path Delay:        3.492ns  (logic 2.269ns (64.990%)  route 1.222ns (35.010%))
  Logic Levels:           1  (OBUF=1)
  Clock Uncertainty:      0.025ns  ((TSJ^2 + TIJ^2)^1/2 + DJ) / 2 + PE
    Total System Jitter     (TSJ):    0.050ns
    Total Input Jitter      (TIJ):    0.000ns
    Discrete Jitter          (DJ):    0.000ns
    Phase Error              (PE):    0.000ns

    Location             Delay type                Incr(ns)  Path(ns)    Netlist Resource(s)
  -------------------------------------------------------------------    -------------------
                         (clock sys_clk_n fall edge)
                                                      2.500     2.500 f  
    AD11                                              0.000     2.500 f  sys_clk_n (IN)
                         net (fo=0)                   0.000     2.500    sys_clk_n
    AD12                 IBUFDS (Prop_ibufds_IB_O)    0.906     3.406 r  CLK_U/O
                         net (fo=1, routed)           2.299     5.705    clk
    BUFGCTRL_X0Y0        BUFG (Prop_bufg_I_O)         0.093     5.798 r  clk_BUFG_inst/O
                         net (fo=18, routed)          1.701     7.499    clk_BUFG
    SLICE_X153Y55        FDRE                                         r  out_reg[7]/C
  -------------------------------------------------------------------    -------------------
    SLICE_X153Y55        FDRE (Prop_fdre_C_Q)         0.223     7.722 r  out_reg[7]/Q
                         net (fo=1, routed)           1.222     8.944    out_OBUF[7]
    AJ14                 OBUF (Prop_obuf_I_O)         2.046    10.990 r  out_OBUF[7]_inst/O
                         net (fo=0)                   0.000    10.990    out[7]
    AJ14                                                              r  out[7] (OUT)
  -------------------------------------------------------------------    -------------------

Slack:                    inf
  Source:                 out_reg[2]/C
                            (rising edge-triggered cell FDRE clocked by sys_clk_n'  {rise@0.000ns fall@2.500ns period=5.000ns})
  Destination:            out[2]
                            (output port)
  Path Group:             (none)
  Path Type:              Max at Slow Process Corner
  Data Path Delay:        3.478ns  (logic 2.256ns (64.854%)  route 1.222ns (35.146%))
  Logic Levels:           1  (OBUF=1)
  Clock Uncertainty:      0.025ns  ((TSJ^2 + TIJ^2)^1/2 + DJ) / 2 + PE
    Total System Jitter     (TSJ):    0.050ns
    Total Input Jitter      (TIJ):    0.000ns
    Discrete Jitter          (DJ):    0.000ns
    Phase Error              (PE):    0.000ns

    Location             Delay type                Incr(ns)  Path(ns)    Netlist Resource(s)
  -------------------------------------------------------------------    -------------------
                         (clock sys_clk_n fall edge)
                                                      2.500     2.500 f  
    AD11                                              0.000     2.500 f  sys_clk_n (IN)
                         net (fo=0)                   0.000     2.500    sys_clk_n
    AD12                 IBUFDS (Prop_ibufds_IB_O)    0.906     3.406 r  CLK_U/O
                         net (fo=1, routed)           2.299     5.705    clk
    BUFGCTRL_X0Y0        BUFG (Prop_bufg_I_O)         0.093     5.798 r  clk_BUFG_inst/O
                         net (fo=18, routed)          1.701     7.499    clk_BUFG
    SLICE_X153Y54        FDRE                                         r  out_reg[2]/C
  -------------------------------------------------------------------    -------------------
    SLICE_X153Y54        FDRE (Prop_fdre_C_Q)         0.223     7.722 r  out_reg[2]/Q
                         net (fo=1, routed)           1.222     8.944    out_OBUF[2]
    AG13                 OBUF (Prop_obuf_I_O)         2.033    10.977 r  out_OBUF[2]_inst/O
                         net (fo=0)                   0.000    10.977    out[2]
    AG13                                                              r  out[2] (OUT)
  -------------------------------------------------------------------    -------------------

Slack:                    inf
  Source:                 out_reg[0]_lopt_replica/C
                            (rising edge-triggered cell FDRE clocked by sys_clk_n'  {rise@0.000ns fall@2.500ns period=5.000ns})
  Destination:            out[0]
                            (output port)
  Path Group:             (none)
  Path Type:              Max at Slow Process Corner
  Data Path Delay:        3.466ns  (logic 2.282ns (65.841%)  route 1.184ns (34.159%))
  Logic Levels:           1  (OBUF=1)
  Clock Uncertainty:      0.025ns  ((TSJ^2 + TIJ^2)^1/2 + DJ) / 2 + PE
    Total System Jitter     (TSJ):    0.050ns
    Total Input Jitter      (TIJ):    0.000ns
    Discrete Jitter          (DJ):    0.000ns
    Phase Error              (PE):    0.000ns

    Location             Delay type                Incr(ns)  Path(ns)    Netlist Resource(s)
  -------------------------------------------------------------------    -------------------
                         (clock sys_clk_n fall edge)
                                                      2.500     2.500 f  
    AD11                                              0.000     2.500 f  sys_clk_n (IN)
                         net (fo=0)                   0.000     2.500    sys_clk_n
    AD12                 IBUFDS (Prop_ibufds_IB_O)    0.906     3.406 r  CLK_U/O
                         net (fo=1, routed)           2.299     5.705    clk
    BUFGCTRL_X0Y0        BUFG (Prop_bufg_I_O)         0.093     5.798 r  clk_BUFG_inst/O
                         net (fo=18, routed)          1.701     7.499    clk_BUFG
    SLICE_X152Y54        FDRE                                         r  out_reg[0]_lopt_replica/C
  -------------------------------------------------------------------    -------------------
    SLICE_X152Y54        FDRE (Prop_fdre_C_Q)         0.236     7.735 r  out_reg[0]_lopt_replica/Q
                         net (fo=1, routed)           1.184     8.919    out_reg[0]_lopt_replica_1
    AD13                 OBUF (Prop_obuf_I_O)         2.046    10.965 r  out_OBUF[0]_inst/O
                         net (fo=0)                   0.000    10.965    out[0]
    AD13                                                              r  out[0] (OUT)
  -------------------------------------------------------------------    -------------------

Slack:                    inf
  Source:                 out_reg[6]/C
                            (rising edge-triggered cell FDRE clocked by sys_clk_n'  {rise@0.000ns fall@2.500ns period=5.000ns})
  Destination:            out[6]
                            (output port)
  Path Group:             (none)
  Path Type:              Max at Slow Process Corner
  Data Path Delay:        3.397ns  (logic 2.271ns (66.834%)  route 1.127ns (33.166%))
  Logic Levels:           1  (OBUF=1)
  Clock Uncertainty:      0.025ns  ((TSJ^2 + TIJ^2)^1/2 + DJ) / 2 + PE
    Total System Jitter     (TSJ):    0.050ns
    Total Input Jitter      (TIJ):    0.000ns
    Discrete Jitter          (DJ):    0.000ns
    Phase Error              (PE):    0.000ns

    Location             Delay type                Incr(ns)  Path(ns)    Netlist Resource(s)
  -------------------------------------------------------------------    -------------------
                         (clock sys_clk_n fall edge)
                                                      2.500     2.500 f  
    AD11                                              0.000     2.500 f  sys_clk_n (IN)
                         net (fo=0)                   0.000     2.500    sys_clk_n
    AD12                 IBUFDS (Prop_ibufds_IB_O)    0.906     3.406 r  CLK_U/O
                         net (fo=1, routed)           2.299     5.705    clk
    BUFGCTRL_X0Y0        BUFG (Prop_bufg_I_O)         0.093     5.798 r  clk_BUFG_inst/O
                         net (fo=18, routed)          1.701     7.499    clk_BUFG
    SLICE_X153Y55        FDRE                                         r  out_reg[6]/C
  -------------------------------------------------------------------    -------------------
    SLICE_X153Y55        FDRE (Prop_fdre_C_Q)         0.223     7.722 r  out_reg[6]/Q
                         net (fo=1, routed)           1.127     8.848    out_OBUF[6]
    AJ13                 OBUF (Prop_obuf_I_O)         2.048    10.896 r  out_OBUF[6]_inst/O
                         net (fo=0)                   0.000    10.896    out[6]
    AJ13                                                              r  out[6] (OUT)
  -------------------------------------------------------------------    -------------------

Slack:                    inf
  Source:                 out_reg[5]/C
                            (rising edge-triggered cell FDRE clocked by sys_clk_n'  {rise@0.000ns fall@2.500ns period=5.000ns})
  Destination:            out[5]
                            (output port)
  Path Group:             (none)
  Path Type:              Max at Slow Process Corner
  Data Path Delay:        3.389ns  (logic 2.259ns (66.662%)  route 1.130ns (33.337%))
  Logic Levels:           1  (OBUF=1)
  Clock Uncertainty:      0.025ns  ((TSJ^2 + TIJ^2)^1/2 + DJ) / 2 + PE
    Total System Jitter     (TSJ):    0.050ns
    Total Input Jitter      (TIJ):    0.000ns
    Discrete Jitter          (DJ):    0.000ns
    Phase Error              (PE):    0.000ns

    Location             Delay type                Incr(ns)  Path(ns)    Netlist Resource(s)
  -------------------------------------------------------------------    -------------------
                         (clock sys_clk_n fall edge)
                                                      2.500     2.500 f  
    AD11                                              0.000     2.500 f  sys_clk_n (IN)
                         net (fo=0)                   0.000     2.500    sys_clk_n
    AD12                 IBUFDS (Prop_ibufds_IB_O)    0.906     3.406 r  CLK_U/O
                         net (fo=1, routed)           2.299     5.705    clk
    BUFGCTRL_X0Y0        BUFG (Prop_bufg_I_O)         0.093     5.798 r  clk_BUFG_inst/O
                         net (fo=18, routed)          1.701     7.499    clk_BUFG
    SLICE_X153Y55        FDRE                                         r  out_reg[5]/C
  -------------------------------------------------------------------    -------------------
    SLICE_X153Y55        FDRE (Prop_fdre_C_Q)         0.223     7.722 r  out_reg[5]/Q
                         net (fo=1, routed)           1.130     8.851    out_OBUF[5]
    AJ12                 OBUF (Prop_obuf_I_O)         2.036    10.887 r  out_OBUF[5]_inst/O
                         net (fo=0)                   0.000    10.887    out[5]
    AJ12                                                              r  out[5] (OUT)
  -------------------------------------------------------------------    -------------------

Slack:                    inf
  Source:                 out_reg[4]/C
                            (rising edge-triggered cell FDRE clocked by sys_clk_n'  {rise@0.000ns fall@2.500ns period=5.000ns})
  Destination:            out[4]
                            (output port)
  Path Group:             (none)
  Path Type:              Max at Slow Process Corner
  Data Path Delay:        3.377ns  (logic 2.248ns (66.573%)  route 1.129ns (33.427%))
  Logic Levels:           1  (OBUF=1)
  Clock Uncertainty:      0.025ns  ((TSJ^2 + TIJ^2)^1/2 + DJ) / 2 + PE
    Total System Jitter     (TSJ):    0.050ns
    Total Input Jitter      (TIJ):    0.000ns
    Discrete Jitter          (DJ):    0.000ns
    Phase Error              (PE):    0.000ns

    Location             Delay type                Incr(ns)  Path(ns)    Netlist Resource(s)
  -------------------------------------------------------------------    -------------------
                         (clock sys_clk_n fall edge)
                                                      2.500     2.500 f  
    AD11                                              0.000     2.500 f  sys_clk_n (IN)
                         net (fo=0)                   0.000     2.500    sys_clk_n
    AD12                 IBUFDS (Prop_ibufds_IB_O)    0.906     3.406 r  CLK_U/O
                         net (fo=1, routed)           2.299     5.705    clk
    BUFGCTRL_X0Y0        BUFG (Prop_bufg_I_O)         0.093     5.798 r  clk_BUFG_inst/O
                         net (fo=18, routed)          1.701     7.499    clk_BUFG
    SLICE_X153Y54        FDRE                                         r  out_reg[4]/C
  -------------------------------------------------------------------    -------------------
    SLICE_X153Y54        FDRE (Prop_fdre_C_Q)         0.223     7.722 r  out_reg[4]/Q
                         net (fo=1, routed)           1.129     8.850    out_OBUF[4]
    AF12                 OBUF (Prop_obuf_I_O)         2.025    10.875 r  out_OBUF[4]_inst/O
                         net (fo=0)                   0.000    10.875    out[4]
    AF12                                                              r  out[4] (OUT)
  -------------------------------------------------------------------    -------------------

Slack:                    inf
  Source:                 out_reg[3]/C
                            (rising edge-triggered cell FDRE clocked by sys_clk_n'  {rise@0.000ns fall@2.500ns period=5.000ns})
  Destination:            out[3]
                            (output port)
  Path Group:             (none)
  Path Type:              Max at Slow Process Corner
  Data Path Delay:        3.369ns  (logic 2.245ns (66.641%)  route 1.124ns (33.359%))
  Logic Levels:           1  (OBUF=1)
  Clock Uncertainty:      0.025ns  ((TSJ^2 + TIJ^2)^1/2 + DJ) / 2 + PE
    Total System Jitter     (TSJ):    0.050ns
    Total Input Jitter      (TIJ):    0.000ns
    Discrete Jitter          (DJ):    0.000ns
    Phase Error              (PE):    0.000ns

    Location             Delay type                Incr(ns)  Path(ns)    Netlist Resource(s)
  -------------------------------------------------------------------    -------------------
                         (clock sys_clk_n fall edge)
                                                      2.500     2.500 f  
    AD11                                              0.000     2.500 f  sys_clk_n (IN)
                         net (fo=0)                   0.000     2.500    sys_clk_n
    AD12                 IBUFDS (Prop_ibufds_IB_O)    0.906     3.406 r  CLK_U/O
                         net (fo=1, routed)           2.299     5.705    clk
    BUFGCTRL_X0Y0        BUFG (Prop_bufg_I_O)         0.093     5.798 r  clk_BUFG_inst/O
                         net (fo=18, routed)          1.701     7.499    clk_BUFG
    SLICE_X153Y54        FDRE                                         r  out_reg[3]/C
  -------------------------------------------------------------------    -------------------
    SLICE_X153Y54        FDRE (Prop_fdre_C_Q)         0.223     7.722 r  out_reg[3]/Q
                         net (fo=1, routed)           1.124     8.845    out_OBUF[3]
    AG12                 OBUF (Prop_obuf_I_O)         2.022    10.867 r  out_OBUF[3]_inst/O
                         net (fo=0)                   0.000    10.867    out[3]
    AG12                                                              r  out[3] (OUT)
  -------------------------------------------------------------------    -------------------





Min Delay Paths
--------------------------------------------------------------------------------------
Slack:                    inf
  Source:                 out_reg[3]/C
                            (rising edge-triggered cell FDRE clocked by sys_clk_n'  {rise@0.000ns fall@2.500ns period=5.000ns})
  Destination:            out[3]
                            (output port)
  Path Group:             (none)
  Path Type:              Min at Fast Process Corner
  Data Path Delay:        1.533ns  (logic 1.215ns (79.265%)  route 0.318ns (20.735%))
  Logic Levels:           1  (OBUF=1)
  Clock Uncertainty:      0.025ns  ((TSJ^2 + TIJ^2)^1/2 + DJ) / 2 + PE
    Total System Jitter     (TSJ):    0.050ns
    Total Input Jitter      (TIJ):    0.000ns
    Discrete Jitter          (DJ):    0.000ns
    Phase Error              (PE):    0.000ns

    Location             Delay type                Incr(ns)  Path(ns)    Netlist Resource(s)
  -------------------------------------------------------------------    -------------------
                         (clock sys_clk_n fall edge)
                                                      2.500     2.500 f  
    AD11                                              0.000     2.500 f  sys_clk_n (IN)
                         net (fo=0)                   0.000     2.500    sys_clk_n
    AD12                 IBUFDS (Prop_ibufds_IB_O)    0.388     2.888 r  CLK_U/O
                         net (fo=1, routed)           1.083     3.971    clk
    BUFGCTRL_X0Y0        BUFG (Prop_bufg_I_O)         0.026     3.997 r  clk_BUFG_inst/O
                         net (fo=18, routed)          0.728     4.725    clk_BUFG
    SLICE_X153Y54        FDRE                                         r  out_reg[3]/C
  -------------------------------------------------------------------    -------------------
    SLICE_X153Y54        FDRE (Prop_fdre_C_Q)         0.100     4.825 r  out_reg[3]/Q
                         net (fo=1, routed)           0.318     5.143    out_OBUF[3]
    AG12                 OBUF (Prop_obuf_I_O)         1.115     6.258 r  out_OBUF[3]_inst/O
                         net (fo=0)                   0.000     6.258    out[3]
    AG12                                                              r  out[3] (OUT)
  -------------------------------------------------------------------    -------------------

Slack:                    inf
  Source:                 out_reg[4]/C
                            (rising edge-triggered cell FDRE clocked by sys_clk_n'  {rise@0.000ns fall@2.500ns period=5.000ns})
  Destination:            out[4]
                            (output port)
  Path Group:             (none)
  Path Type:              Min at Fast Process Corner
  Data Path Delay:        1.539ns  (logic 1.218ns (79.154%)  route 0.321ns (20.846%))
  Logic Levels:           1  (OBUF=1)
  Clock Uncertainty:      0.025ns  ((TSJ^2 + TIJ^2)^1/2 + DJ) / 2 + PE
    Total System Jitter     (TSJ):    0.050ns
    Total Input Jitter      (TIJ):    0.000ns
    Discrete Jitter          (DJ):    0.000ns
    Phase Error              (PE):    0.000ns

    Location             Delay type                Incr(ns)  Path(ns)    Netlist Resource(s)
  -------------------------------------------------------------------    -------------------
                         (clock sys_clk_n fall edge)
                                                      2.500     2.500 f  
    AD11                                              0.000     2.500 f  sys_clk_n (IN)
                         net (fo=0)                   0.000     2.500    sys_clk_n
    AD12                 IBUFDS (Prop_ibufds_IB_O)    0.388     2.888 r  CLK_U/O
                         net (fo=1, routed)           1.083     3.971    clk
    BUFGCTRL_X0Y0        BUFG (Prop_bufg_I_O)         0.026     3.997 r  clk_BUFG_inst/O
                         net (fo=18, routed)          0.728     4.725    clk_BUFG
    SLICE_X153Y54        FDRE                                         r  out_reg[4]/C
  -------------------------------------------------------------------    -------------------
    SLICE_X153Y54        FDRE (Prop_fdre_C_Q)         0.100     4.825 r  out_reg[4]/Q
                         net (fo=1, routed)           0.321     5.146    out_OBUF[4]
    AF12                 OBUF (Prop_obuf_I_O)         1.118     6.264 r  out_OBUF[4]_inst/O
                         net (fo=0)                   0.000     6.264    out[4]
    AF12                                                              r  out[4] (OUT)
  -------------------------------------------------------------------    -------------------

Slack:                    inf
  Source:                 out_reg[5]/C
                            (rising edge-triggered cell FDRE clocked by sys_clk_n'  {rise@0.000ns fall@2.500ns period=5.000ns})
  Destination:            out[5]
                            (output port)
  Path Group:             (none)
  Path Type:              Min at Fast Process Corner
  Data Path Delay:        1.548ns  (logic 1.229ns (79.352%)  route 0.320ns (20.648%))
  Logic Levels:           1  (OBUF=1)
  Clock Uncertainty:      0.025ns  ((TSJ^2 + TIJ^2)^1/2 + DJ) / 2 + PE
    Total System Jitter     (TSJ):    0.050ns
    Total Input Jitter      (TIJ):    0.000ns
    Discrete Jitter          (DJ):    0.000ns
    Phase Error              (PE):    0.000ns

    Location             Delay type                Incr(ns)  Path(ns)    Netlist Resource(s)
  -------------------------------------------------------------------    -------------------
                         (clock sys_clk_n fall edge)
                                                      2.500     2.500 f  
    AD11                                              0.000     2.500 f  sys_clk_n (IN)
                         net (fo=0)                   0.000     2.500    sys_clk_n
    AD12                 IBUFDS (Prop_ibufds_IB_O)    0.388     2.888 r  CLK_U/O
                         net (fo=1, routed)           1.083     3.971    clk
    BUFGCTRL_X0Y0        BUFG (Prop_bufg_I_O)         0.026     3.997 r  clk_BUFG_inst/O
                         net (fo=18, routed)          0.728     4.725    clk_BUFG
    SLICE_X153Y55        FDRE                                         r  out_reg[5]/C
  -------------------------------------------------------------------    -------------------
    SLICE_X153Y55        FDRE (Prop_fdre_C_Q)         0.100     4.825 r  out_reg[5]/Q
                         net (fo=1, routed)           0.320     5.145    out_OBUF[5]
    AJ12                 OBUF (Prop_obuf_I_O)         1.129     6.274 r  out_OBUF[5]_inst/O
                         net (fo=0)                   0.000     6.274    out[5]
    AJ12                                                              r  out[5] (OUT)
  -------------------------------------------------------------------    -------------------

Slack:                    inf
  Source:                 out_reg[6]/C
                            (rising edge-triggered cell FDRE clocked by sys_clk_n'  {rise@0.000ns fall@2.500ns period=5.000ns})
  Destination:            out[6]
                            (output port)
  Path Group:             (none)
  Path Type:              Min at Fast Process Corner
  Data Path Delay:        1.559ns  (logic 1.240ns (79.552%)  route 0.319ns (20.448%))
  Logic Levels:           1  (OBUF=1)
  Clock Uncertainty:      0.025ns  ((TSJ^2 + TIJ^2)^1/2 + DJ) / 2 + PE
    Total System Jitter     (TSJ):    0.050ns
    Total Input Jitter      (TIJ):    0.000ns
    Discrete Jitter          (DJ):    0.000ns
    Phase Error              (PE):    0.000ns

    Location             Delay type                Incr(ns)  Path(ns)    Netlist Resource(s)
  -------------------------------------------------------------------    -------------------
                         (clock sys_clk_n fall edge)
                                                      2.500     2.500 f  
    AD11                                              0.000     2.500 f  sys_clk_n (IN)
                         net (fo=0)                   0.000     2.500    sys_clk_n
    AD12                 IBUFDS (Prop_ibufds_IB_O)    0.388     2.888 r  CLK_U/O
                         net (fo=1, routed)           1.083     3.971    clk
    BUFGCTRL_X0Y0        BUFG (Prop_bufg_I_O)         0.026     3.997 r  clk_BUFG_inst/O
                         net (fo=18, routed)          0.728     4.725    clk_BUFG
    SLICE_X153Y55        FDRE                                         r  out_reg[6]/C
  -------------------------------------------------------------------    -------------------
    SLICE_X153Y55        FDRE (Prop_fdre_C_Q)         0.100     4.825 r  out_reg[6]/Q
                         net (fo=1, routed)           0.319     5.144    out_OBUF[6]
    AJ13                 OBUF (Prop_obuf_I_O)         1.140     6.284 r  out_OBUF[6]_inst/O
                         net (fo=0)                   0.000     6.284    out[6]
    AJ13                                                              r  out[6] (OUT)
  -------------------------------------------------------------------    -------------------

Slack:                    inf
  Source:                 out_reg[0]_lopt_replica/C
                            (rising edge-triggered cell FDRE clocked by sys_clk_n'  {rise@0.000ns fall@2.500ns period=5.000ns})
  Destination:            out[0]
                            (output port)
  Path Group:             (none)
  Path Type:              Min at Fast Process Corner
  Data Path Delay:        1.563ns  (logic 1.203ns (76.958%)  route 0.360ns (23.042%))
  Logic Levels:           1  (OBUF=1)
  Clock Uncertainty:      0.025ns  ((TSJ^2 + TIJ^2)^1/2 + DJ) / 2 + PE
    Total System Jitter     (TSJ):    0.050ns
    Total Input Jitter      (TIJ):    0.000ns
    Discrete Jitter          (DJ):    0.000ns
    Phase Error              (PE):    0.000ns

    Location             Delay type                Incr(ns)  Path(ns)    Netlist Resource(s)
  -------------------------------------------------------------------    -------------------
                         (clock sys_clk_n fall edge)
                                                      2.500     2.500 f  
    AD11                                              0.000     2.500 f  sys_clk_n (IN)
                         net (fo=0)                   0.000     2.500    sys_clk_n
    AD12                 IBUFDS (Prop_ibufds_IB_O)    0.388     2.888 r  CLK_U/O
                         net (fo=1, routed)           1.083     3.971    clk
    BUFGCTRL_X0Y0        BUFG (Prop_bufg_I_O)         0.026     3.997 r  clk_BUFG_inst/O
                         net (fo=18, routed)          0.728     4.725    clk_BUFG
    SLICE_X152Y54        FDRE                                         r  out_reg[0]_lopt_replica/C
  -------------------------------------------------------------------    -------------------
    SLICE_X152Y54        FDRE (Prop_fdre_C_Q)         0.107     4.832 r  out_reg[0]_lopt_replica/Q
                         net (fo=1, routed)           0.360     5.193    out_reg[0]_lopt_replica_1
    AD13                 OBUF (Prop_obuf_I_O)         1.096     6.288 r  out_OBUF[0]_inst/O
                         net (fo=0)                   0.000     6.288    out[0]
    AD13                                                              r  out[0] (OUT)
  -------------------------------------------------------------------    -------------------

Slack:                    inf
  Source:                 out_reg[2]/C
                            (rising edge-triggered cell FDRE clocked by sys_clk_n'  {rise@0.000ns fall@2.500ns period=5.000ns})
  Destination:            out[2]
                            (output port)
  Path Group:             (none)
  Path Type:              Min at Fast Process Corner
  Data Path Delay:        1.593ns  (logic 1.226ns (76.932%)  route 0.367ns (23.068%))
  Logic Levels:           1  (OBUF=1)
  Clock Uncertainty:      0.025ns  ((TSJ^2 + TIJ^2)^1/2 + DJ) / 2 + PE
    Total System Jitter     (TSJ):    0.050ns
    Total Input Jitter      (TIJ):    0.000ns
    Discrete Jitter          (DJ):    0.000ns
    Phase Error              (PE):    0.000ns

    Location             Delay type                Incr(ns)  Path(ns)    Netlist Resource(s)
  -------------------------------------------------------------------    -------------------
                         (clock sys_clk_n fall edge)
                                                      2.500     2.500 f  
    AD11                                              0.000     2.500 f  sys_clk_n (IN)
                         net (fo=0)                   0.000     2.500    sys_clk_n
    AD12                 IBUFDS (Prop_ibufds_IB_O)    0.388     2.888 r  CLK_U/O
                         net (fo=1, routed)           1.083     3.971    clk
    BUFGCTRL_X0Y0        BUFG (Prop_bufg_I_O)         0.026     3.997 r  clk_BUFG_inst/O
                         net (fo=18, routed)          0.728     4.725    clk_BUFG
    SLICE_X153Y54        FDRE                                         r  out_reg[2]/C
  -------------------------------------------------------------------    -------------------
    SLICE_X153Y54        FDRE (Prop_fdre_C_Q)         0.100     4.825 r  out_reg[2]/Q
                         net (fo=1, routed)           0.367     5.193    out_OBUF[2]
    AG13                 OBUF (Prop_obuf_I_O)         1.126     6.318 r  out_OBUF[2]_inst/O
                         net (fo=0)                   0.000     6.318    out[2]
    AG13                                                              r  out[2] (OUT)
  -------------------------------------------------------------------    -------------------

Slack:                    inf
  Source:                 out_reg[7]/C
                            (rising edge-triggered cell FDRE clocked by sys_clk_n'  {rise@0.000ns fall@2.500ns period=5.000ns})
  Destination:            out[7]
                            (output port)
  Path Group:             (none)
  Path Type:              Min at Fast Process Corner
  Data Path Delay:        1.607ns  (logic 1.239ns (77.077%)  route 0.368ns (22.923%))
  Logic Levels:           1  (OBUF=1)
  Clock Uncertainty:      0.025ns  ((TSJ^2 + TIJ^2)^1/2 + DJ) / 2 + PE
    Total System Jitter     (TSJ):    0.050ns
    Total Input Jitter      (TIJ):    0.000ns
    Discrete Jitter          (DJ):    0.000ns
    Phase Error              (PE):    0.000ns

    Location             Delay type                Incr(ns)  Path(ns)    Netlist Resource(s)
  -------------------------------------------------------------------    -------------------
                         (clock sys_clk_n fall edge)
                                                      2.500     2.500 f  
    AD11                                              0.000     2.500 f  sys_clk_n (IN)
                         net (fo=0)                   0.000     2.500    sys_clk_n
    AD12                 IBUFDS (Prop_ibufds_IB_O)    0.388     2.888 r  CLK_U/O
                         net (fo=1, routed)           1.083     3.971    clk
    BUFGCTRL_X0Y0        BUFG (Prop_bufg_I_O)         0.026     3.997 r  clk_BUFG_inst/O
                         net (fo=18, routed)          0.728     4.725    clk_BUFG
    SLICE_X153Y55        FDRE                                         r  out_reg[7]/C
  -------------------------------------------------------------------    -------------------
    SLICE_X153Y55        FDRE (Prop_fdre_C_Q)         0.100     4.825 r  out_reg[7]/Q
                         net (fo=1, routed)           0.368     5.194    out_OBUF[7]
    AJ14                 OBUF (Prop_obuf_I_O)         1.139     6.333 r  out_OBUF[7]_inst/O
                         net (fo=0)                   0.000     6.333    out[7]
    AJ14                                                              r  out[7] (OUT)
  -------------------------------------------------------------------    -------------------

Slack:                    inf
  Source:                 out_reg[1]/C
                            (rising edge-triggered cell FDRE clocked by sys_clk_n'  {rise@0.000ns fall@2.500ns period=5.000ns})
  Destination:            out[1]
                            (output port)
  Path Group:             (none)
  Path Type:              Min at Fast Process Corner
  Data Path Delay:        1.631ns  (logic 1.217ns (74.623%)  route 0.414ns (25.377%))
  Logic Levels:           1  (OBUF=1)
  Clock Uncertainty:      0.025ns  ((TSJ^2 + TIJ^2)^1/2 + DJ) / 2 + PE
    Total System Jitter     (TSJ):    0.050ns
    Total Input Jitter      (TIJ):    0.000ns
    Discrete Jitter          (DJ):    0.000ns
    Phase Error              (PE):    0.000ns

    Location             Delay type                Incr(ns)  Path(ns)    Netlist Resource(s)
  -------------------------------------------------------------------    -------------------
                         (clock sys_clk_n fall edge)
                                                      2.500     2.500 f  
    AD11                                              0.000     2.500 f  sys_clk_n (IN)
                         net (fo=0)                   0.000     2.500    sys_clk_n
    AD12                 IBUFDS (Prop_ibufds_IB_O)    0.388     2.888 r  CLK_U/O
                         net (fo=1, routed)           1.083     3.971    clk
    BUFGCTRL_X0Y0        BUFG (Prop_bufg_I_O)         0.026     3.997 r  clk_BUFG_inst/O
                         net (fo=18, routed)          0.728     4.725    clk_BUFG
    SLICE_X153Y54        FDRE                                         r  out_reg[1]/C
  -------------------------------------------------------------------    -------------------
    SLICE_X153Y54        FDRE (Prop_fdre_C_Q)         0.100     4.825 r  out_reg[1]/Q
                         net (fo=1, routed)           0.414     5.239    out_OBUF[1]
    AH12                 OBUF (Prop_obuf_I_O)         1.117     6.356 r  out_OBUF[1]_inst/O
                         net (fo=0)                   0.000     6.356    out[1]
    AH12                                                              r  out[1] (OUT)
  -------------------------------------------------------------------    -------------------

Slack:                    inf
  Source:                 out_reg[9]/C
                            (rising edge-triggered cell FDRE clocked by sys_clk_n'  {rise@0.000ns fall@2.500ns period=5.000ns})
  Destination:            out[9]
                            (output port)
  Path Group:             (none)
  Path Type:              Min at Fast Process Corner
  Data Path Delay:        1.636ns  (logic 1.268ns (77.474%)  route 0.369ns (22.526%))
  Logic Levels:           1  (OBUF=1)
  Clock Uncertainty:      0.025ns  ((TSJ^2 + TIJ^2)^1/2 + DJ) / 2 + PE
    Total System Jitter     (TSJ):    0.050ns
    Total Input Jitter      (TIJ):    0.000ns
    Discrete Jitter          (DJ):    0.000ns
    Phase Error              (PE):    0.000ns

    Location             Delay type                Incr(ns)  Path(ns)    Netlist Resource(s)
  -------------------------------------------------------------------    -------------------
                         (clock sys_clk_n fall edge)
                                                      2.500     2.500 f  
    AD11                                              0.000     2.500 f  sys_clk_n (IN)
                         net (fo=0)                   0.000     2.500    sys_clk_n
    AD12                 IBUFDS (Prop_ibufds_IB_O)    0.388     2.888 r  CLK_U/O
                         net (fo=1, routed)           1.083     3.971    clk
    BUFGCTRL_X0Y0        BUFG (Prop_bufg_I_O)         0.026     3.997 r  clk_BUFG_inst/O
                         net (fo=18, routed)          0.727     4.724    clk_BUFG
    SLICE_X152Y57        FDRE                                         r  out_reg[9]/C
  -------------------------------------------------------------------    -------------------
    SLICE_X152Y57        FDRE (Prop_fdre_C_Q)         0.118     4.842 r  out_reg[9]/Q
                         net (fo=1, routed)           0.369     5.211    out_OBUF[9]
    AK13                 OBUF (Prop_obuf_I_O)         1.150     6.361 r  out_OBUF[9]_inst/O
                         net (fo=0)                   0.000     6.361    out[9]
    AK13                                                              r  out[9] (OUT)
  -------------------------------------------------------------------    -------------------

Slack:                    inf
  Source:                 out_reg[8]/C
                            (rising edge-triggered cell FDRE clocked by sys_clk_n'  {rise@0.000ns fall@2.500ns period=5.000ns})
  Destination:            out[8]
                            (output port)
  Path Group:             (none)
  Path Type:              Min at Fast Process Corner
  Data Path Delay:        1.643ns  (logic 1.240ns (75.436%)  route 0.404ns (24.564%))
  Logic Levels:           1  (OBUF=1)
  Clock Uncertainty:      0.025ns  ((TSJ^2 + TIJ^2)^1/2 + DJ) / 2 + PE
    Total System Jitter     (TSJ):    0.050ns
    Total Input Jitter      (TIJ):    0.000ns
    Discrete Jitter          (DJ):    0.000ns
    Phase Error              (PE):    0.000ns

    Location             Delay type                Incr(ns)  Path(ns)    Netlist Resource(s)
  -------------------------------------------------------------------    -------------------
                         (clock sys_clk_n fall edge)
                                                      2.500     2.500 f  
    AD11                                              0.000     2.500 f  sys_clk_n (IN)
                         net (fo=0)                   0.000     2.500    sys_clk_n
    AD12                 IBUFDS (Prop_ibufds_IB_O)    0.388     2.888 r  CLK_U/O
                         net (fo=1, routed)           1.083     3.971    clk
    BUFGCTRL_X0Y0        BUFG (Prop_bufg_I_O)         0.026     3.997 r  clk_BUFG_inst/O
                         net (fo=18, routed)          0.728     4.725    clk_BUFG
    SLICE_X153Y55        FDRE                                         r  out_reg[8]/C
  -------------------------------------------------------------------    -------------------
    SLICE_X153Y55        FDRE (Prop_fdre_C_Q)         0.100     4.825 r  out_reg[8]/Q
                         net (fo=1, routed)           0.404     5.229    out_OBUF[8]
    AH14                 OBUF (Prop_obuf_I_O)         1.140     6.369 r  out_OBUF[8]_inst/O
                         net (fo=0)                   0.000     6.369    out[8]
    AH14                                                              r  out[8] (OUT)
  -------------------------------------------------------------------    -------------------





--------------------------------------------------------------------------------------
Path Group:  (none)
From Clock:  
  To Clock:  sys_clk_n

Max Delay            18 Endpoints
Min Delay            18 Endpoints
--------------------------------------------------------------------------------------


Max Delay Paths
--------------------------------------------------------------------------------------
Slack:                    inf
  Source:                 rst
                            (input port)
  Destination:            bin_in_reg[0]/R
                            (rising edge-triggered cell FDRE clocked by sys_clk_n'  {rise@0.000ns fall@2.500ns period=5.000ns})
  Path Group:             (none)
  Path Type:              Setup (Max at Slow Process Corner)
  Data Path Delay:        3.230ns  (logic 0.751ns (23.254%)  route 2.479ns (76.746%))
  Logic Levels:           1  (IBUF=1)
  Clock Path Skew:        4.622ns (DCD - SCD + CPR)
    Destination Clock Delay (DCD):    4.622ns = ( 7.122 - 2.500 ) 
    Source Clock Delay      (SCD):    0.000ns
    Clock Pessimism Removal (CPR):    0.000ns
  Clock Uncertainty:      0.025ns  ((TSJ^2 + TIJ^2)^1/2 + DJ) / 2 + PE
    Total System Jitter     (TSJ):    0.050ns
    Total Input Jitter      (TIJ):    0.000ns
    Discrete Jitter          (DJ):    0.000ns
    Phase Error              (PE):    0.000ns

    Location             Delay type                Incr(ns)  Path(ns)    Netlist Resource(s)
  -------------------------------------------------------------------    -------------------
    AG5                                               0.000     0.000 r  rst (IN)
                         net (fo=0)                   0.000     0.000    rst
    AG5                  IBUF (Prop_ibuf_I_O)         0.751     0.751 r  rst_IBUF_inst/O
                         net (fo=18, routed)          2.479     3.230    rst_IBUF
    SLICE_X152Y54        FDRE                                         r  bin_in_reg[0]/R
  -------------------------------------------------------------------    -------------------

                         (clock sys_clk_n fall edge)
                                                      2.500     2.500 f  
    AD11                                              0.000     2.500 f  sys_clk_n (IN)
                         net (fo=0)                   0.000     2.500    sys_clk_n
    AD12                 IBUFDS (Prop_ibufds_IB_O)    0.803     3.303 r  CLK_U/O
                         net (fo=1, routed)           2.173     5.476    clk
    BUFGCTRL_X0Y0        BUFG (Prop_bufg_I_O)         0.083     5.559 r  clk_BUFG_inst/O
                         net (fo=18, routed)          1.563     7.122    clk_BUFG
    SLICE_X152Y54        FDRE                                         r  bin_in_reg[0]/C

Slack:                    inf
  Source:                 rst
                            (input port)
  Destination:            bin_in_reg[2]/S
                            (rising edge-triggered cell FDSE clocked by sys_clk_n'  {rise@0.000ns fall@2.500ns period=5.000ns})
  Path Group:             (none)
  Path Type:              Setup (Max at Slow Process Corner)
  Data Path Delay:        3.230ns  (logic 0.751ns (23.254%)  route 2.479ns (76.746%))
  Logic Levels:           1  (IBUF=1)
  Clock Path Skew:        4.622ns (DCD - SCD + CPR)
    Destination Clock Delay (DCD):    4.622ns = ( 7.122 - 2.500 ) 
    Source Clock Delay      (SCD):    0.000ns
    Clock Pessimism Removal (CPR):    0.000ns
  Clock Uncertainty:      0.025ns  ((TSJ^2 + TIJ^2)^1/2 + DJ) / 2 + PE
    Total System Jitter     (TSJ):    0.050ns
    Total Input Jitter      (TIJ):    0.000ns
    Discrete Jitter          (DJ):    0.000ns
    Phase Error              (PE):    0.000ns

    Location             Delay type                Incr(ns)  Path(ns)    Netlist Resource(s)
  -------------------------------------------------------------------    -------------------
    AG5                                               0.000     0.000 r  rst (IN)
                         net (fo=0)                   0.000     0.000    rst
    AG5                  IBUF (Prop_ibuf_I_O)         0.751     0.751 r  rst_IBUF_inst/O
                         net (fo=18, routed)          2.479     3.230    rst_IBUF
    SLICE_X152Y54        FDSE                                         r  bin_in_reg[2]/S
  -------------------------------------------------------------------    -------------------

                         (clock sys_clk_n fall edge)
                                                      2.500     2.500 f  
    AD11                                              0.000     2.500 f  sys_clk_n (IN)
                         net (fo=0)                   0.000     2.500    sys_clk_n
    AD12                 IBUFDS (Prop_ibufds_IB_O)    0.803     3.303 r  CLK_U/O
                         net (fo=1, routed)           2.173     5.476    clk
    BUFGCTRL_X0Y0        BUFG (Prop_bufg_I_O)         0.083     5.559 r  clk_BUFG_inst/O
                         net (fo=18, routed)          1.563     7.122    clk_BUFG
    SLICE_X152Y54        FDSE                                         r  bin_in_reg[2]/C

Slack:                    inf
  Source:                 rst
                            (input port)
  Destination:            bin_in_reg[3]/R
                            (rising edge-triggered cell FDRE clocked by sys_clk_n'  {rise@0.000ns fall@2.500ns period=5.000ns})
  Path Group:             (none)
  Path Type:              Setup (Max at Slow Process Corner)
  Data Path Delay:        3.230ns  (logic 0.751ns (23.254%)  route 2.479ns (76.746%))
  Logic Levels:           1  (IBUF=1)
  Clock Path Skew:        4.622ns (DCD - SCD + CPR)
    Destination Clock Delay (DCD):    4.622ns = ( 7.122 - 2.500 ) 
    Source Clock Delay      (SCD):    0.000ns
    Clock Pessimism Removal (CPR):    0.000ns
  Clock Uncertainty:      0.025ns  ((TSJ^2 + TIJ^2)^1/2 + DJ) / 2 + PE
    Total System Jitter     (TSJ):    0.050ns
    Total Input Jitter      (TIJ):    0.000ns
    Discrete Jitter          (DJ):    0.000ns
    Phase Error              (PE):    0.000ns

    Location             Delay type                Incr(ns)  Path(ns)    Netlist Resource(s)
  -------------------------------------------------------------------    -------------------
    AG5                                               0.000     0.000 r  rst (IN)
                         net (fo=0)                   0.000     0.000    rst
    AG5                  IBUF (Prop_ibuf_I_O)         0.751     0.751 r  rst_IBUF_inst/O
                         net (fo=18, routed)          2.479     3.230    rst_IBUF
    SLICE_X152Y54        FDRE                                         r  bin_in_reg[3]/R
  -------------------------------------------------------------------    -------------------

                         (clock sys_clk_n fall edge)
                                                      2.500     2.500 f  
    AD11                                              0.000     2.500 f  sys_clk_n (IN)
                         net (fo=0)                   0.000     2.500    sys_clk_n
    AD12                 IBUFDS (Prop_ibufds_IB_O)    0.803     3.303 r  CLK_U/O
                         net (fo=1, routed)           2.173     5.476    clk
    BUFGCTRL_X0Y0        BUFG (Prop_bufg_I_O)         0.083     5.559 r  clk_BUFG_inst/O
                         net (fo=18, routed)          1.563     7.122    clk_BUFG
    SLICE_X152Y54        FDRE                                         r  bin_in_reg[3]/C

Slack:                    inf
  Source:                 rst
                            (input port)
  Destination:            bin_in_reg[4]/S
                            (rising edge-triggered cell FDSE clocked by sys_clk_n'  {rise@0.000ns fall@2.500ns period=5.000ns})
  Path Group:             (none)
  Path Type:              Setup (Max at Slow Process Corner)
  Data Path Delay:        3.230ns  (logic 0.751ns (23.254%)  route 2.479ns (76.746%))
  Logic Levels:           1  (IBUF=1)
  Clock Path Skew:        4.622ns (DCD - SCD + CPR)
    Destination Clock Delay (DCD):    4.622ns = ( 7.122 - 2.500 ) 
    Source Clock Delay      (SCD):    0.000ns
    Clock Pessimism Removal (CPR):    0.000ns
  Clock Uncertainty:      0.025ns  ((TSJ^2 + TIJ^2)^1/2 + DJ) / 2 + PE
    Total System Jitter     (TSJ):    0.050ns
    Total Input Jitter      (TIJ):    0.000ns
    Discrete Jitter          (DJ):    0.000ns
    Phase Error              (PE):    0.000ns

    Location             Delay type                Incr(ns)  Path(ns)    Netlist Resource(s)
  -------------------------------------------------------------------    -------------------
    AG5                                               0.000     0.000 r  rst (IN)
                         net (fo=0)                   0.000     0.000    rst
    AG5                  IBUF (Prop_ibuf_I_O)         0.751     0.751 r  rst_IBUF_inst/O
                         net (fo=18, routed)          2.479     3.230    rst_IBUF
    SLICE_X153Y54        FDSE                                         r  bin_in_reg[4]/S
  -------------------------------------------------------------------    -------------------

                         (clock sys_clk_n fall edge)
                                                      2.500     2.500 f  
    AD11                                              0.000     2.500 f  sys_clk_n (IN)
                         net (fo=0)                   0.000     2.500    sys_clk_n
    AD12                 IBUFDS (Prop_ibufds_IB_O)    0.803     3.303 r  CLK_U/O
                         net (fo=1, routed)           2.173     5.476    clk
    BUFGCTRL_X0Y0        BUFG (Prop_bufg_I_O)         0.083     5.559 r  clk_BUFG_inst/O
                         net (fo=18, routed)          1.563     7.122    clk_BUFG
    SLICE_X153Y54        FDSE                                         r  bin_in_reg[4]/C

Slack:                    inf
  Source:                 rst
                            (input port)
  Destination:            bin_in_reg[5]/R
                            (rising edge-triggered cell FDRE clocked by sys_clk_n'  {rise@0.000ns fall@2.500ns period=5.000ns})
  Path Group:             (none)
  Path Type:              Setup (Max at Slow Process Corner)
  Data Path Delay:        3.230ns  (logic 0.751ns (23.254%)  route 2.479ns (76.746%))
  Logic Levels:           1  (IBUF=1)
  Clock Path Skew:        4.622ns (DCD - SCD + CPR)
    Destination Clock Delay (DCD):    4.622ns = ( 7.122 - 2.500 ) 
    Source Clock Delay      (SCD):    0.000ns
    Clock Pessimism Removal (CPR):    0.000ns
  Clock Uncertainty:      0.025ns  ((TSJ^2 + TIJ^2)^1/2 + DJ) / 2 + PE
    Total System Jitter     (TSJ):    0.050ns
    Total Input Jitter      (TIJ):    0.000ns
    Discrete Jitter          (DJ):    0.000ns
    Phase Error              (PE):    0.000ns

    Location             Delay type                Incr(ns)  Path(ns)    Netlist Resource(s)
  -------------------------------------------------------------------    -------------------
    AG5                                               0.000     0.000 r  rst (IN)
                         net (fo=0)                   0.000     0.000    rst
    AG5                  IBUF (Prop_ibuf_I_O)         0.751     0.751 r  rst_IBUF_inst/O
                         net (fo=18, routed)          2.479     3.230    rst_IBUF
    SLICE_X153Y54        FDRE                                         r  bin_in_reg[5]/R
  -------------------------------------------------------------------    -------------------

                         (clock sys_clk_n fall edge)
                                                      2.500     2.500 f  
    AD11                                              0.000     2.500 f  sys_clk_n (IN)
                         net (fo=0)                   0.000     2.500    sys_clk_n
    AD12                 IBUFDS (Prop_ibufds_IB_O)    0.803     3.303 r  CLK_U/O
                         net (fo=1, routed)           2.173     5.476    clk
    BUFGCTRL_X0Y0        BUFG (Prop_bufg_I_O)         0.083     5.559 r  clk_BUFG_inst/O
                         net (fo=18, routed)          1.563     7.122    clk_BUFG
    SLICE_X153Y54        FDRE                                         r  bin_in_reg[5]/C

Slack:                    inf
  Source:                 rst
                            (input port)
  Destination:            bin_in_reg[6]/R
                            (rising edge-triggered cell FDRE clocked by sys_clk_n'  {rise@0.000ns fall@2.500ns period=5.000ns})
  Path Group:             (none)
  Path Type:              Setup (Max at Slow Process Corner)
  Data Path Delay:        3.230ns  (logic 0.751ns (23.254%)  route 2.479ns (76.746%))
  Logic Levels:           1  (IBUF=1)
  Clock Path Skew:        4.622ns (DCD - SCD + CPR)
    Destination Clock Delay (DCD):    4.622ns = ( 7.122 - 2.500 ) 
    Source Clock Delay      (SCD):    0.000ns
    Clock Pessimism Removal (CPR):    0.000ns
  Clock Uncertainty:      0.025ns  ((TSJ^2 + TIJ^2)^1/2 + DJ) / 2 + PE
    Total System Jitter     (TSJ):    0.050ns
    Total Input Jitter      (TIJ):    0.000ns
    Discrete Jitter          (DJ):    0.000ns
    Phase Error              (PE):    0.000ns

    Location             Delay type                Incr(ns)  Path(ns)    Netlist Resource(s)
  -------------------------------------------------------------------    -------------------
    AG5                                               0.000     0.000 r  rst (IN)
                         net (fo=0)                   0.000     0.000    rst
    AG5                  IBUF (Prop_ibuf_I_O)         0.751     0.751 r  rst_IBUF_inst/O
                         net (fo=18, routed)          2.479     3.230    rst_IBUF
    SLICE_X153Y54        FDRE                                         r  bin_in_reg[6]/R
  -------------------------------------------------------------------    -------------------

                         (clock sys_clk_n fall edge)
                                                      2.500     2.500 f  
    AD11                                              0.000     2.500 f  sys_clk_n (IN)
                         net (fo=0)                   0.000     2.500    sys_clk_n
    AD12                 IBUFDS (Prop_ibufds_IB_O)    0.803     3.303 r  CLK_U/O
                         net (fo=1, routed)           2.173     5.476    clk
    BUFGCTRL_X0Y0        BUFG (Prop_bufg_I_O)         0.083     5.559 r  clk_BUFG_inst/O
                         net (fo=18, routed)          1.563     7.122    clk_BUFG
    SLICE_X153Y54        FDRE                                         r  bin_in_reg[6]/C

Slack:                    inf
  Source:                 rst
                            (input port)
  Destination:            bin_in_reg[7]/S
                            (rising edge-triggered cell FDSE clocked by sys_clk_n'  {rise@0.000ns fall@2.500ns period=5.000ns})
  Path Group:             (none)
  Path Type:              Setup (Max at Slow Process Corner)
  Data Path Delay:        3.230ns  (logic 0.751ns (23.254%)  route 2.479ns (76.746%))
  Logic Levels:           1  (IBUF=1)
  Clock Path Skew:        4.622ns (DCD - SCD + CPR)
    Destination Clock Delay (DCD):    4.622ns = ( 7.122 - 2.500 ) 
    Source Clock Delay      (SCD):    0.000ns
    Clock Pessimism Removal (CPR):    0.000ns
  Clock Uncertainty:      0.025ns  ((TSJ^2 + TIJ^2)^1/2 + DJ) / 2 + PE
    Total System Jitter     (TSJ):    0.050ns
    Total Input Jitter      (TIJ):    0.000ns
    Discrete Jitter          (DJ):    0.000ns
    Phase Error              (PE):    0.000ns

    Location             Delay type                Incr(ns)  Path(ns)    Netlist Resource(s)
  -------------------------------------------------------------------    -------------------
    AG5                                               0.000     0.000 r  rst (IN)
                         net (fo=0)                   0.000     0.000    rst
    AG5                  IBUF (Prop_ibuf_I_O)         0.751     0.751 r  rst_IBUF_inst/O
                         net (fo=18, routed)          2.479     3.230    rst_IBUF
    SLICE_X153Y54        FDSE                                         r  bin_in_reg[7]/S
  -------------------------------------------------------------------    -------------------

                         (clock sys_clk_n fall edge)
                                                      2.500     2.500 f  
    AD11                                              0.000     2.500 f  sys_clk_n (IN)
                         net (fo=0)                   0.000     2.500    sys_clk_n
    AD12                 IBUFDS (Prop_ibufds_IB_O)    0.803     3.303 r  CLK_U/O
                         net (fo=1, routed)           2.173     5.476    clk
    BUFGCTRL_X0Y0        BUFG (Prop_bufg_I_O)         0.083     5.559 r  clk_BUFG_inst/O
                         net (fo=18, routed)          1.563     7.122    clk_BUFG
    SLICE_X153Y54        FDSE                                         r  bin_in_reg[7]/C

Slack:                    inf
  Source:                 rst
                            (input port)
  Destination:            out_reg[0]/R
                            (rising edge-triggered cell FDRE clocked by sys_clk_n'  {rise@0.000ns fall@2.500ns period=5.000ns})
  Path Group:             (none)
  Path Type:              Setup (Max at Slow Process Corner)
  Data Path Delay:        3.230ns  (logic 0.751ns (23.254%)  route 2.479ns (76.746%))
  Logic Levels:           1  (IBUF=1)
  Clock Path Skew:        4.622ns (DCD - SCD + CPR)
    Destination Clock Delay (DCD):    4.622ns = ( 7.122 - 2.500 ) 
    Source Clock Delay      (SCD):    0.000ns
    Clock Pessimism Removal (CPR):    0.000ns
  Clock Uncertainty:      0.025ns  ((TSJ^2 + TIJ^2)^1/2 + DJ) / 2 + PE
    Total System Jitter     (TSJ):    0.050ns
    Total Input Jitter      (TIJ):    0.000ns
    Discrete Jitter          (DJ):    0.000ns
    Phase Error              (PE):    0.000ns

    Location             Delay type                Incr(ns)  Path(ns)    Netlist Resource(s)
  -------------------------------------------------------------------    -------------------
    AG5                                               0.000     0.000 r  rst (IN)
                         net (fo=0)                   0.000     0.000    rst
    AG5                  IBUF (Prop_ibuf_I_O)         0.751     0.751 r  rst_IBUF_inst/O
                         net (fo=18, routed)          2.479     3.230    rst_IBUF
    SLICE_X152Y54        FDRE                                         r  out_reg[0]/R
  -------------------------------------------------------------------    -------------------

                         (clock sys_clk_n fall edge)
                                                      2.500     2.500 f  
    AD11                                              0.000     2.500 f  sys_clk_n (IN)
                         net (fo=0)                   0.000     2.500    sys_clk_n
    AD12                 IBUFDS (Prop_ibufds_IB_O)    0.803     3.303 r  CLK_U/O
                         net (fo=1, routed)           2.173     5.476    clk
    BUFGCTRL_X0Y0        BUFG (Prop_bufg_I_O)         0.083     5.559 r  clk_BUFG_inst/O
                         net (fo=18, routed)          1.563     7.122    clk_BUFG
    SLICE_X152Y54        FDRE                                         r  out_reg[0]/C

Slack:                    inf
  Source:                 rst
                            (input port)
  Destination:            out_reg[0]_lopt_replica/R
                            (rising edge-triggered cell FDRE clocked by sys_clk_n'  {rise@0.000ns fall@2.500ns period=5.000ns})
  Path Group:             (none)
  Path Type:              Setup (Max at Slow Process Corner)
  Data Path Delay:        3.230ns  (logic 0.751ns (23.254%)  route 2.479ns (76.746%))
  Logic Levels:           1  (IBUF=1)
  Clock Path Skew:        4.622ns (DCD - SCD + CPR)
    Destination Clock Delay (DCD):    4.622ns = ( 7.122 - 2.500 ) 
    Source Clock Delay      (SCD):    0.000ns
    Clock Pessimism Removal (CPR):    0.000ns
  Clock Uncertainty:      0.025ns  ((TSJ^2 + TIJ^2)^1/2 + DJ) / 2 + PE
    Total System Jitter     (TSJ):    0.050ns
    Total Input Jitter      (TIJ):    0.000ns
    Discrete Jitter          (DJ):    0.000ns
    Phase Error              (PE):    0.000ns

    Location             Delay type                Incr(ns)  Path(ns)    Netlist Resource(s)
  -------------------------------------------------------------------    -------------------
    AG5                                               0.000     0.000 r  rst (IN)
                         net (fo=0)                   0.000     0.000    rst
    AG5                  IBUF (Prop_ibuf_I_O)         0.751     0.751 r  rst_IBUF_inst/O
                         net (fo=18, routed)          2.479     3.230    rst_IBUF
    SLICE_X152Y54        FDRE                                         r  out_reg[0]_lopt_replica/R
  -------------------------------------------------------------------    -------------------

                         (clock sys_clk_n fall edge)
                                                      2.500     2.500 f  
    AD11                                              0.000     2.500 f  sys_clk_n (IN)
                         net (fo=0)                   0.000     2.500    sys_clk_n
    AD12                 IBUFDS (Prop_ibufds_IB_O)    0.803     3.303 r  CLK_U/O
                         net (fo=1, routed)           2.173     5.476    clk
    BUFGCTRL_X0Y0        BUFG (Prop_bufg_I_O)         0.083     5.559 r  clk_BUFG_inst/O
                         net (fo=18, routed)          1.563     7.122    clk_BUFG
    SLICE_X152Y54        FDRE                                         r  out_reg[0]_lopt_replica/C

Slack:                    inf
  Source:                 rst
                            (input port)
  Destination:            out_reg[1]/R
                            (rising edge-triggered cell FDRE clocked by sys_clk_n'  {rise@0.000ns fall@2.500ns period=5.000ns})
  Path Group:             (none)
  Path Type:              Setup (Max at Slow Process Corner)
  Data Path Delay:        3.230ns  (logic 0.751ns (23.254%)  route 2.479ns (76.746%))
  Logic Levels:           1  (IBUF=1)
  Clock Path Skew:        4.622ns (DCD - SCD + CPR)
    Destination Clock Delay (DCD):    4.622ns = ( 7.122 - 2.500 ) 
    Source Clock Delay      (SCD):    0.000ns
    Clock Pessimism Removal (CPR):    0.000ns
  Clock Uncertainty:      0.025ns  ((TSJ^2 + TIJ^2)^1/2 + DJ) / 2 + PE
    Total System Jitter     (TSJ):    0.050ns
    Total Input Jitter      (TIJ):    0.000ns
    Discrete Jitter          (DJ):    0.000ns
    Phase Error              (PE):    0.000ns

    Location             Delay type                Incr(ns)  Path(ns)    Netlist Resource(s)
  -------------------------------------------------------------------    -------------------
    AG5                                               0.000     0.000 r  rst (IN)
                         net (fo=0)                   0.000     0.000    rst
    AG5                  IBUF (Prop_ibuf_I_O)         0.751     0.751 r  rst_IBUF_inst/O
                         net (fo=18, routed)          2.479     3.230    rst_IBUF
    SLICE_X153Y54        FDRE                                         r  out_reg[1]/R
  -------------------------------------------------------------------    -------------------

                         (clock sys_clk_n fall edge)
                                                      2.500     2.500 f  
    AD11                                              0.000     2.500 f  sys_clk_n (IN)
                         net (fo=0)                   0.000     2.500    sys_clk_n
    AD12                 IBUFDS (Prop_ibufds_IB_O)    0.803     3.303 r  CLK_U/O
                         net (fo=1, routed)           2.173     5.476    clk
    BUFGCTRL_X0Y0        BUFG (Prop_bufg_I_O)         0.083     5.559 r  clk_BUFG_inst/O
                         net (fo=18, routed)          1.563     7.122    clk_BUFG
    SLICE_X153Y54        FDRE                                         r  out_reg[1]/C





Min Delay Paths
--------------------------------------------------------------------------------------
Slack:                    inf
  Source:                 rst
                            (input port)
  Destination:            out_reg[9]/R
                            (rising edge-triggered cell FDRE clocked by sys_clk_n'  {rise@0.000ns fall@2.500ns period=5.000ns})
  Path Group:             (none)
  Path Type:              Hold (Min at Fast Process Corner)
  Data Path Delay:        1.355ns  (logic 0.133ns (9.794%)  route 1.222ns (90.206%))
  Logic Levels:           1  (IBUF=1)
  Clock Path Skew:        2.621ns (DCD - SCD - CPR)
    Destination Clock Delay (DCD):    2.621ns = ( 5.121 - 2.500 ) 
    Source Clock Delay      (SCD):    0.000ns
    Clock Pessimism Removal (CPR):    -0.000ns

    Location             Delay type                Incr(ns)  Path(ns)    Netlist Resource(s)
  -------------------------------------------------------------------    -------------------
    AG5                                               0.000     0.000 r  rst (IN)
                         net (fo=0)                   0.000     0.000    rst
    AG5                  IBUF (Prop_ibuf_I_O)         0.133     0.133 r  rst_IBUF_inst/O
                         net (fo=18, routed)          1.222     1.355    rst_IBUF
    SLICE_X152Y57        FDRE                                         r  out_reg[9]/R
  -------------------------------------------------------------------    -------------------

                         (clock sys_clk_n fall edge)
                                                      2.500     2.500 f  
    AD11                                              0.000     2.500 f  sys_clk_n (IN)
                         net (fo=0)                   0.000     2.500    sys_clk_n
    AD12                 IBUFDS (Prop_ibufds_IB_O)    0.470     2.970 r  CLK_U/O
                         net (fo=1, routed)           1.154     4.124    clk
    BUFGCTRL_X0Y0        BUFG (Prop_bufg_I_O)         0.030     4.154 r  clk_BUFG_inst/O
                         net (fo=18, routed)          0.967     5.121    clk_BUFG
    SLICE_X152Y57        FDRE                                         r  out_reg[9]/C

Slack:                    inf
  Source:                 rst
                            (input port)
  Destination:            out_reg[5]/R
                            (rising edge-triggered cell FDRE clocked by sys_clk_n'  {rise@0.000ns fall@2.500ns period=5.000ns})
  Path Group:             (none)
  Path Type:              Hold (Min at Fast Process Corner)
  Data Path Delay:        1.407ns  (logic 0.133ns (9.433%)  route 1.274ns (90.567%))
  Logic Levels:           1  (IBUF=1)
  Clock Path Skew:        2.622ns (DCD - SCD - CPR)
    Destination Clock Delay (DCD):    2.622ns = ( 5.122 - 2.500 ) 
    Source Clock Delay      (SCD):    0.000ns
    Clock Pessimism Removal (CPR):    -0.000ns

    Location             Delay type                Incr(ns)  Path(ns)    Netlist Resource(s)
  -------------------------------------------------------------------    -------------------
    AG5                                               0.000     0.000 r  rst (IN)
                         net (fo=0)                   0.000     0.000    rst
    AG5                  IBUF (Prop_ibuf_I_O)         0.133     0.133 r  rst_IBUF_inst/O
                         net (fo=18, routed)          1.274     1.407    rst_IBUF
    SLICE_X153Y55        FDRE                                         r  out_reg[5]/R
  -------------------------------------------------------------------    -------------------

                         (clock sys_clk_n fall edge)
                                                      2.500     2.500 f  
    AD11                                              0.000     2.500 f  sys_clk_n (IN)
                         net (fo=0)                   0.000     2.500    sys_clk_n
    AD12                 IBUFDS (Prop_ibufds_IB_O)    0.470     2.970 r  CLK_U/O
                         net (fo=1, routed)           1.154     4.124    clk
    BUFGCTRL_X0Y0        BUFG (Prop_bufg_I_O)         0.030     4.154 r  clk_BUFG_inst/O
                         net (fo=18, routed)          0.968     5.122    clk_BUFG
    SLICE_X153Y55        FDRE                                         r  out_reg[5]/C

Slack:                    inf
  Source:                 rst
                            (input port)
  Destination:            out_reg[6]/R
                            (rising edge-triggered cell FDRE clocked by sys_clk_n'  {rise@0.000ns fall@2.500ns period=5.000ns})
  Path Group:             (none)
  Path Type:              Hold (Min at Fast Process Corner)
  Data Path Delay:        1.407ns  (logic 0.133ns (9.433%)  route 1.274ns (90.567%))
  Logic Levels:           1  (IBUF=1)
  Clock Path Skew:        2.622ns (DCD - SCD - CPR)
    Destination Clock Delay (DCD):    2.622ns = ( 5.122 - 2.500 ) 
    Source Clock Delay      (SCD):    0.000ns
    Clock Pessimism Removal (CPR):    -0.000ns

    Location             Delay type                Incr(ns)  Path(ns)    Netlist Resource(s)
  -------------------------------------------------------------------    -------------------
    AG5                                               0.000     0.000 r  rst (IN)
                         net (fo=0)                   0.000     0.000    rst
    AG5                  IBUF (Prop_ibuf_I_O)         0.133     0.133 r  rst_IBUF_inst/O
                         net (fo=18, routed)          1.274     1.407    rst_IBUF
    SLICE_X153Y55        FDRE                                         r  out_reg[6]/R
  -------------------------------------------------------------------    -------------------

                         (clock sys_clk_n fall edge)
                                                      2.500     2.500 f  
    AD11                                              0.000     2.500 f  sys_clk_n (IN)
                         net (fo=0)                   0.000     2.500    sys_clk_n
    AD12                 IBUFDS (Prop_ibufds_IB_O)    0.470     2.970 r  CLK_U/O
                         net (fo=1, routed)           1.154     4.124    clk
    BUFGCTRL_X0Y0        BUFG (Prop_bufg_I_O)         0.030     4.154 r  clk_BUFG_inst/O
                         net (fo=18, routed)          0.968     5.122    clk_BUFG
    SLICE_X153Y55        FDRE                                         r  out_reg[6]/C

Slack:                    inf
  Source:                 rst
                            (input port)
  Destination:            out_reg[7]/R
                            (rising edge-triggered cell FDRE clocked by sys_clk_n'  {rise@0.000ns fall@2.500ns period=5.000ns})
  Path Group:             (none)
  Path Type:              Hold (Min at Fast Process Corner)
  Data Path Delay:        1.407ns  (logic 0.133ns (9.433%)  route 1.274ns (90.567%))
  Logic Levels:           1  (IBUF=1)
  Clock Path Skew:        2.622ns (DCD - SCD - CPR)
    Destination Clock Delay (DCD):    2.622ns = ( 5.122 - 2.500 ) 
    Source Clock Delay      (SCD):    0.000ns
    Clock Pessimism Removal (CPR):    -0.000ns

    Location             Delay type                Incr(ns)  Path(ns)    Netlist Resource(s)
  -------------------------------------------------------------------    -------------------
    AG5                                               0.000     0.000 r  rst (IN)
                         net (fo=0)                   0.000     0.000    rst
    AG5                  IBUF (Prop_ibuf_I_O)         0.133     0.133 r  rst_IBUF_inst/O
                         net (fo=18, routed)          1.274     1.407    rst_IBUF
    SLICE_X153Y55        FDRE                                         r  out_reg[7]/R
  -------------------------------------------------------------------    -------------------

                         (clock sys_clk_n fall edge)
                                                      2.500     2.500 f  
    AD11                                              0.000     2.500 f  sys_clk_n (IN)
                         net (fo=0)                   0.000     2.500    sys_clk_n
    AD12                 IBUFDS (Prop_ibufds_IB_O)    0.470     2.970 r  CLK_U/O
                         net (fo=1, routed)           1.154     4.124    clk
    BUFGCTRL_X0Y0        BUFG (Prop_bufg_I_O)         0.030     4.154 r  clk_BUFG_inst/O
                         net (fo=18, routed)          0.968     5.122    clk_BUFG
    SLICE_X153Y55        FDRE                                         r  out_reg[7]/C

Slack:                    inf
  Source:                 rst
                            (input port)
  Destination:            out_reg[8]/R
                            (rising edge-triggered cell FDRE clocked by sys_clk_n'  {rise@0.000ns fall@2.500ns period=5.000ns})
  Path Group:             (none)
  Path Type:              Hold (Min at Fast Process Corner)
  Data Path Delay:        1.407ns  (logic 0.133ns (9.433%)  route 1.274ns (90.567%))
  Logic Levels:           1  (IBUF=1)
  Clock Path Skew:        2.622ns (DCD - SCD - CPR)
    Destination Clock Delay (DCD):    2.622ns = ( 5.122 - 2.500 ) 
    Source Clock Delay      (SCD):    0.000ns
    Clock Pessimism Removal (CPR):    -0.000ns

    Location             Delay type                Incr(ns)  Path(ns)    Netlist Resource(s)
  -------------------------------------------------------------------    -------------------
    AG5                                               0.000     0.000 r  rst (IN)
                         net (fo=0)                   0.000     0.000    rst
    AG5                  IBUF (Prop_ibuf_I_O)         0.133     0.133 r  rst_IBUF_inst/O
                         net (fo=18, routed)          1.274     1.407    rst_IBUF
    SLICE_X153Y55        FDRE                                         r  out_reg[8]/R
  -------------------------------------------------------------------    -------------------

                         (clock sys_clk_n fall edge)
                                                      2.500     2.500 f  
    AD11                                              0.000     2.500 f  sys_clk_n (IN)
                         net (fo=0)                   0.000     2.500    sys_clk_n
    AD12                 IBUFDS (Prop_ibufds_IB_O)    0.470     2.970 r  CLK_U/O
                         net (fo=1, routed)           1.154     4.124    clk
    BUFGCTRL_X0Y0        BUFG (Prop_bufg_I_O)         0.030     4.154 r  clk_BUFG_inst/O
                         net (fo=18, routed)          0.968     5.122    clk_BUFG
    SLICE_X153Y55        FDRE                                         r  out_reg[8]/C

Slack:                    inf
  Source:                 rst
                            (input port)
  Destination:            bin_in_reg[0]/R
                            (rising edge-triggered cell FDRE clocked by sys_clk_n'  {rise@0.000ns fall@2.500ns period=5.000ns})
  Path Group:             (none)
  Path Type:              Hold (Min at Fast Process Corner)
  Data Path Delay:        1.452ns  (logic 0.133ns (9.137%)  route 1.320ns (90.863%))
  Logic Levels:           1  (IBUF=1)
  Clock Path Skew:        2.622ns (DCD - SCD - CPR)
    Destination Clock Delay (DCD):    2.622ns = ( 5.122 - 2.500 ) 
    Source Clock Delay      (SCD):    0.000ns
    Clock Pessimism Removal (CPR):    -0.000ns

    Location             Delay type                Incr(ns)  Path(ns)    Netlist Resource(s)
  -------------------------------------------------------------------    -------------------
    AG5                                               0.000     0.000 r  rst (IN)
                         net (fo=0)                   0.000     0.000    rst
    AG5                  IBUF (Prop_ibuf_I_O)         0.133     0.133 r  rst_IBUF_inst/O
                         net (fo=18, routed)          1.320     1.452    rst_IBUF
    SLICE_X152Y54        FDRE                                         r  bin_in_reg[0]/R
  -------------------------------------------------------------------    -------------------

                         (clock sys_clk_n fall edge)
                                                      2.500     2.500 f  
    AD11                                              0.000     2.500 f  sys_clk_n (IN)
                         net (fo=0)                   0.000     2.500    sys_clk_n
    AD12                 IBUFDS (Prop_ibufds_IB_O)    0.470     2.970 r  CLK_U/O
                         net (fo=1, routed)           1.154     4.124    clk
    BUFGCTRL_X0Y0        BUFG (Prop_bufg_I_O)         0.030     4.154 r  clk_BUFG_inst/O
                         net (fo=18, routed)          0.968     5.122    clk_BUFG
    SLICE_X152Y54        FDRE                                         r  bin_in_reg[0]/C

Slack:                    inf
  Source:                 rst
                            (input port)
  Destination:            bin_in_reg[2]/S
                            (rising edge-triggered cell FDSE clocked by sys_clk_n'  {rise@0.000ns fall@2.500ns period=5.000ns})
  Path Group:             (none)
  Path Type:              Hold (Min at Fast Process Corner)
  Data Path Delay:        1.452ns  (logic 0.133ns (9.137%)  route 1.320ns (90.863%))
  Logic Levels:           1  (IBUF=1)
  Clock Path Skew:        2.622ns (DCD - SCD - CPR)
    Destination Clock Delay (DCD):    2.622ns = ( 5.122 - 2.500 ) 
    Source Clock Delay      (SCD):    0.000ns
    Clock Pessimism Removal (CPR):    -0.000ns

    Location             Delay type                Incr(ns)  Path(ns)    Netlist Resource(s)
  -------------------------------------------------------------------    -------------------
    AG5                                               0.000     0.000 r  rst (IN)
                         net (fo=0)                   0.000     0.000    rst
    AG5                  IBUF (Prop_ibuf_I_O)         0.133     0.133 r  rst_IBUF_inst/O
                         net (fo=18, routed)          1.320     1.452    rst_IBUF
    SLICE_X152Y54        FDSE                                         r  bin_in_reg[2]/S
  -------------------------------------------------------------------    -------------------

                         (clock sys_clk_n fall edge)
                                                      2.500     2.500 f  
    AD11                                              0.000     2.500 f  sys_clk_n (IN)
                         net (fo=0)                   0.000     2.500    sys_clk_n
    AD12                 IBUFDS (Prop_ibufds_IB_O)    0.470     2.970 r  CLK_U/O
                         net (fo=1, routed)           1.154     4.124    clk
    BUFGCTRL_X0Y0        BUFG (Prop_bufg_I_O)         0.030     4.154 r  clk_BUFG_inst/O
                         net (fo=18, routed)          0.968     5.122    clk_BUFG
    SLICE_X152Y54        FDSE                                         r  bin_in_reg[2]/C

Slack:                    inf
  Source:                 rst
                            (input port)
  Destination:            bin_in_reg[3]/R
                            (rising edge-triggered cell FDRE clocked by sys_clk_n'  {rise@0.000ns fall@2.500ns period=5.000ns})
  Path Group:             (none)
  Path Type:              Hold (Min at Fast Process Corner)
  Data Path Delay:        1.452ns  (logic 0.133ns (9.137%)  route 1.320ns (90.863%))
  Logic Levels:           1  (IBUF=1)
  Clock Path Skew:        2.622ns (DCD - SCD - CPR)
    Destination Clock Delay (DCD):    2.622ns = ( 5.122 - 2.500 ) 
    Source Clock Delay      (SCD):    0.000ns
    Clock Pessimism Removal (CPR):    -0.000ns

    Location             Delay type                Incr(ns)  Path(ns)    Netlist Resource(s)
  -------------------------------------------------------------------    -------------------
    AG5                                               0.000     0.000 r  rst (IN)
                         net (fo=0)                   0.000     0.000    rst
    AG5                  IBUF (Prop_ibuf_I_O)         0.133     0.133 r  rst_IBUF_inst/O
                         net (fo=18, routed)          1.320     1.452    rst_IBUF
    SLICE_X152Y54        FDRE                                         r  bin_in_reg[3]/R
  -------------------------------------------------------------------    -------------------

                         (clock sys_clk_n fall edge)
                                                      2.500     2.500 f  
    AD11                                              0.000     2.500 f  sys_clk_n (IN)
                         net (fo=0)                   0.000     2.500    sys_clk_n
    AD12                 IBUFDS (Prop_ibufds_IB_O)    0.470     2.970 r  CLK_U/O
                         net (fo=1, routed)           1.154     4.124    clk
    BUFGCTRL_X0Y0        BUFG (Prop_bufg_I_O)         0.030     4.154 r  clk_BUFG_inst/O
                         net (fo=18, routed)          0.968     5.122    clk_BUFG
    SLICE_X152Y54        FDRE                                         r  bin_in_reg[3]/C

Slack:                    inf
  Source:                 rst
                            (input port)
  Destination:            bin_in_reg[4]/S
                            (rising edge-triggered cell FDSE clocked by sys_clk_n'  {rise@0.000ns fall@2.500ns period=5.000ns})
  Path Group:             (none)
  Path Type:              Hold (Min at Fast Process Corner)
  Data Path Delay:        1.452ns  (logic 0.133ns (9.137%)  route 1.320ns (90.863%))
  Logic Levels:           1  (IBUF=1)
  Clock Path Skew:        2.622ns (DCD - SCD - CPR)
    Destination Clock Delay (DCD):    2.622ns = ( 5.122 - 2.500 ) 
    Source Clock Delay      (SCD):    0.000ns
    Clock Pessimism Removal (CPR):    -0.000ns

    Location             Delay type                Incr(ns)  Path(ns)    Netlist Resource(s)
  -------------------------------------------------------------------    -------------------
    AG5                                               0.000     0.000 r  rst (IN)
                         net (fo=0)                   0.000     0.000    rst
    AG5                  IBUF (Prop_ibuf_I_O)         0.133     0.133 r  rst_IBUF_inst/O
                         net (fo=18, routed)          1.320     1.452    rst_IBUF
    SLICE_X153Y54        FDSE                                         r  bin_in_reg[4]/S
  -------------------------------------------------------------------    -------------------

                         (clock sys_clk_n fall edge)
                                                      2.500     2.500 f  
    AD11                                              0.000     2.500 f  sys_clk_n (IN)
                         net (fo=0)                   0.000     2.500    sys_clk_n
    AD12                 IBUFDS (Prop_ibufds_IB_O)    0.470     2.970 r  CLK_U/O
                         net (fo=1, routed)           1.154     4.124    clk
    BUFGCTRL_X0Y0        BUFG (Prop_bufg_I_O)         0.030     4.154 r  clk_BUFG_inst/O
                         net (fo=18, routed)          0.968     5.122    clk_BUFG
    SLICE_X153Y54        FDSE                                         r  bin_in_reg[4]/C

Slack:                    inf
  Source:                 rst
                            (input port)
  Destination:            bin_in_reg[5]/R
                            (rising edge-triggered cell FDRE clocked by sys_clk_n'  {rise@0.000ns fall@2.500ns period=5.000ns})
  Path Group:             (none)
  Path Type:              Hold (Min at Fast Process Corner)
  Data Path Delay:        1.452ns  (logic 0.133ns (9.137%)  route 1.320ns (90.863%))
  Logic Levels:           1  (IBUF=1)
  Clock Path Skew:        2.622ns (DCD - SCD - CPR)
    Destination Clock Delay (DCD):    2.622ns = ( 5.122 - 2.500 ) 
    Source Clock Delay      (SCD):    0.000ns
    Clock Pessimism Removal (CPR):    -0.000ns

    Location             Delay type                Incr(ns)  Path(ns)    Netlist Resource(s)
  -------------------------------------------------------------------    -------------------
    AG5                                               0.000     0.000 r  rst (IN)
                         net (fo=0)                   0.000     0.000    rst
    AG5                  IBUF (Prop_ibuf_I_O)         0.133     0.133 r  rst_IBUF_inst/O
                         net (fo=18, routed)          1.320     1.452    rst_IBUF
    SLICE_X153Y54        FDRE                                         r  bin_in_reg[5]/R
  -------------------------------------------------------------------    -------------------

                         (clock sys_clk_n fall edge)
                                                      2.500     2.500 f  
    AD11                                              0.000     2.500 f  sys_clk_n (IN)
                         net (fo=0)                   0.000     2.500    sys_clk_n
    AD12                 IBUFDS (Prop_ibufds_IB_O)    0.470     2.970 r  CLK_U/O
                         net (fo=1, routed)           1.154     4.124    clk
    BUFGCTRL_X0Y0        BUFG (Prop_bufg_I_O)         0.030     4.154 r  clk_BUFG_inst/O
                         net (fo=18, routed)          0.968     5.122    clk_BUFG
    SLICE_X153Y54        FDRE                                         r  bin_in_reg[5]/C





