Copyright 1986-2022 Xilinx, Inc. All Rights Reserved.
------------------------------------------------------------------------------------------------------------------------------------------------------------------------------------------------------
| Tool Version : Vivado v.2022.2 (lin64) Build 3671981 Fri Oct 14 04:59:54 MDT 2022
| Date         : Sat Nov 11 16:18:35 2023
| Host         : zza-virtual-machine running 64-bit Ubuntu 22.04.1 LTS
| Command      : report_timing_summary -max_paths 10 -report_unconstrained -file top_timing_summary_routed.rpt -pb top_timing_summary_routed.pb -rpx top_timing_summary_routed.rpx -warn_on_violation
| Design       : top
| Device       : 7k325t-ffg900
| Speed File   : -2  PRODUCTION 1.12 2017-02-17
------------------------------------------------------------------------------------------------------------------------------------------------------------------------------------------------------

Timing Summary Report

------------------------------------------------------------------------------------------------
| Timer Settings
| --------------
------------------------------------------------------------------------------------------------

  Enable Multi Corner Analysis               :  Yes
  Enable Pessimism Removal                   :  Yes
  Pessimism Removal Resolution               :  Nearest Common Node
  Enable Input Delay Default Clock           :  No
  Enable Preset / Clear Arcs                 :  No
  Disable Flight Delays                      :  No
  Ignore I/O Paths                           :  No
  Timing Early Launch at Borrowing Latches   :  No
  Borrow Time for Max Delay Exceptions       :  Yes
  Merge Timing Exceptions                    :  Yes

  Corner  Analyze    Analyze    
  Name    Max Paths  Min Paths  
  ------  ---------  ---------  
  Slow    Yes        Yes        
  Fast    Yes        Yes        


------------------------------------------------------------------------------------------------
| Report Methodology
| ------------------
------------------------------------------------------------------------------------------------

Rule       Severity  Description                    Violations  
---------  --------  -----------------------------  ----------  
TIMING-18  Warning   Missing input or output delay  2           

Note: This report is based on the most recent report_methodology run and may not be up-to-date. Run report_methodology on the current design for the latest report.



check_timing report

Table of Contents
-----------------
1. checking no_clock (0)
2. checking constant_clock (0)
3. checking pulse_width_clock (0)
4. checking unconstrained_internal_endpoints (0)
5. checking no_input_delay (1)
6. checking no_output_delay (1)
7. checking multiple_clock (0)
8. checking generated_clocks (0)
9. checking loops (0)
10. checking partial_input_delay (0)
11. checking partial_output_delay (0)
12. checking latch_loops (0)

1. checking no_clock (0)
------------------------
 There are 0 register/latch pins with no clock.


2. checking constant_clock (0)
------------------------------
 There are 0 register/latch pins with constant_clock.


3. checking pulse_width_clock (0)
---------------------------------
 There are 0 register/latch pins which need pulse_width check


4. checking unconstrained_internal_endpoints (0)
------------------------------------------------
 There are 0 pins that are not constrained for maximum delay.

 There are 0 pins that are not constrained for maximum delay due to constant clock.


5. checking no_input_delay (1)
------------------------------
 There is 1 input port with no input delay specified. (HIGH)

 There are 0 input ports with no input delay but user has a false path constraint.


6. checking no_output_delay (1)
-------------------------------
 There is 1 port with no output delay specified. (HIGH)

 There are 0 ports with no output delay but user has a false path constraint

 There are 0 ports with no output delay but with a timing clock defined on it or propagating through it


7. checking multiple_clock (0)
------------------------------
 There are 0 register/latch pins with multiple clocks.


8. checking generated_clocks (0)
--------------------------------
 There are 0 generated clocks that are not connected to a clock source.


9. checking loops (0)
---------------------
 There are 0 combinational loops in the design.


10. checking partial_input_delay (0)
------------------------------------
 There are 0 input ports with partial input delay specified.


11. checking partial_output_delay (0)
-------------------------------------
 There are 0 ports with partial output delay specified.


12. checking latch_loops (0)
----------------------------
 There are 0 combinational latch loops in the design through latch input



------------------------------------------------------------------------------------------------
| Design Timing Summary
| ---------------------
------------------------------------------------------------------------------------------------

    WNS(ns)      TNS(ns)  TNS Failing Endpoints  TNS Total Endpoints      WHS(ns)      THS(ns)  THS Failing Endpoints  THS Total Endpoints     WPWS(ns)     TPWS(ns)  TPWS Failing Endpoints  TPWS Total Endpoints  
    -------      -------  ---------------------  -------------------      -------      -------  ---------------------  -------------------     --------     --------  ----------------------  --------------------  
      4.065        0.000                      0                   21        0.118        0.000                      0                   21        2.100        0.000                       0                    22  


All user specified timing constraints are met.


------------------------------------------------------------------------------------------------
| Clock Summary
| -------------
------------------------------------------------------------------------------------------------

Clock      Waveform(ns)         Period(ns)      Frequency(MHz)
-----      ------------         ----------      --------------
sys_clk_n  {0.000 2.500}        5.000           200.000         


------------------------------------------------------------------------------------------------
| Intra Clock Table
| -----------------
------------------------------------------------------------------------------------------------

Clock             WNS(ns)      TNS(ns)  TNS Failing Endpoints  TNS Total Endpoints      WHS(ns)      THS(ns)  THS Failing Endpoints  THS Total Endpoints     WPWS(ns)     TPWS(ns)  TPWS Failing Endpoints  TPWS Total Endpoints  
-----             -------      -------  ---------------------  -------------------      -------      -------  ---------------------  -------------------     --------     --------  ----------------------  --------------------  
sys_clk_n           4.065        0.000                      0                   21        0.118        0.000                      0                   21        2.100        0.000                       0                    22  


------------------------------------------------------------------------------------------------
| Inter Clock Table
| -----------------
------------------------------------------------------------------------------------------------

From Clock    To Clock          WNS(ns)      TNS(ns)  TNS Failing Endpoints  TNS Total Endpoints      WHS(ns)      THS(ns)  THS Failing Endpoints  THS Total Endpoints  
----------    --------          -------      -------  ---------------------  -------------------      -------      -------  ---------------------  -------------------  


------------------------------------------------------------------------------------------------
| Other Path Groups Table
| -----------------------
------------------------------------------------------------------------------------------------

Path Group    From Clock    To Clock          WNS(ns)      TNS(ns)  TNS Failing Endpoints  TNS Total Endpoints      WHS(ns)      THS(ns)  THS Failing Endpoints  THS Total Endpoints  
----------    ----------    --------          -------      -------  ---------------------  -------------------      -------      -------  ---------------------  -------------------  


------------------------------------------------------------------------------------------------
| User Ignored Path Table
| -----------------------
------------------------------------------------------------------------------------------------

Path Group    From Clock    To Clock    
----------    ----------    --------    


------------------------------------------------------------------------------------------------
| Unconstrained Path Table
| ------------------------
------------------------------------------------------------------------------------------------

Path Group    From Clock    To Clock    
----------    ----------    --------    
(none)        sys_clk_n                   
(none)                      sys_clk_n     


------------------------------------------------------------------------------------------------
| Timing Details
| --------------
------------------------------------------------------------------------------------------------


---------------------------------------------------------------------------------------------------
From Clock:  sys_clk_n
  To Clock:  sys_clk_n

Setup :            0  Failing Endpoints,  Worst Slack        4.065ns,  Total Violation        0.000ns
Hold  :            0  Failing Endpoints,  Worst Slack        0.118ns,  Total Violation        0.000ns
PW    :            0  Failing Endpoints,  Worst Slack        2.100ns,  Total Violation        0.000ns
---------------------------------------------------------------------------------------------------


Max Delay Paths
--------------------------------------------------------------------------------------
Slack (MET) :             4.065ns  (required time - arrival time)
  Source:                 dut/seq_reg_reg[2]/C
                            (rising edge-triggered cell FDRE clocked by sys_clk_n'  {rise@0.000ns fall@2.500ns period=5.000ns})
  Destination:            dut/is_seq_reg/D
                            (rising edge-triggered cell FDRE clocked by sys_clk_n'  {rise@0.000ns fall@2.500ns period=5.000ns})
  Path Group:             sys_clk_n
  Path Type:              Setup (Max at Slow Process Corner)
  Requirement:            5.000ns  (sys_clk_n fall@7.500ns - sys_clk_n fall@2.500ns)
  Data Path Delay:        0.943ns  (logic 0.266ns (28.216%)  route 0.677ns (71.784%))
  Logic Levels:           1  (LUT6=1)
  Clock Path Skew:        -0.021ns (DCD - SCD + CPR)
    Destination Clock Delay (DCD):    4.445ns = ( 11.945 - 7.500 ) 
    Source Clock Delay      (SCD):    4.818ns = ( 7.318 - 2.500 ) 
    Clock Pessimism Removal (CPR):    0.351ns
  Clock Uncertainty:      0.035ns  ((TSJ^2 + TIJ^2)^1/2 + DJ) / 2 + PE
    Total System Jitter     (TSJ):    0.071ns
    Total Input Jitter      (TIJ):    0.000ns
    Discrete Jitter          (DJ):    0.000ns
    Phase Error              (PE):    0.000ns

    Location             Delay type                Incr(ns)  Path(ns)    Netlist Resource(s)
  -------------------------------------------------------------------    -------------------
                         (clock sys_clk_n fall edge)
                                                      2.500     2.500 f  
    AD11                                              0.000     2.500 f  sys_clk_n (IN)
                         net (fo=0)                   0.000     2.500    sys_clk_n
    AD12                 IBUFDS (Prop_ibufds_IB_O)    0.906     3.406 r  CLK_U/O
                         net (fo=1, routed)           2.299     5.705    clk
    BUFGCTRL_X0Y0        BUFG (Prop_bufg_I_O)         0.093     5.798 r  clk_BUFG_inst/O
                         net (fo=21, routed)          1.520     7.318    dut/CLK
    SLICE_X153Y116       FDRE                                         r  dut/seq_reg_reg[2]/C
  -------------------------------------------------------------------    -------------------
    SLICE_X153Y116       FDRE (Prop_fdre_C_Q)         0.223     7.541 r  dut/seq_reg_reg[2]/Q
                         net (fo=2, routed)           0.677     8.217    dut/seq_reg[2]
    SLICE_X152Y116       LUT6 (Prop_lut6_I1_O)        0.043     8.260 r  dut/is_seq_i_1/O
                         net (fo=1, routed)           0.000     8.260    dut/is_seq_i_1_n_0
    SLICE_X152Y116       FDRE                                         r  dut/is_seq_reg/D
  -------------------------------------------------------------------    -------------------

                         (clock sys_clk_n fall edge)
                                                      7.500     7.500 f  
    AD11                                              0.000     7.500 f  sys_clk_n (IN)
                         net (fo=0)                   0.000     7.500    sys_clk_n
    AD12                 IBUFDS (Prop_ibufds_IB_O)    0.803     8.303 r  CLK_U/O
                         net (fo=1, routed)           2.173    10.476    clk
    BUFGCTRL_X0Y0        BUFG (Prop_bufg_I_O)         0.083    10.559 r  clk_BUFG_inst/O
                         net (fo=21, routed)          1.386    11.945    dut/CLK
    SLICE_X152Y116       FDRE                                         r  dut/is_seq_reg/C
                         clock pessimism              0.351    12.297    
                         clock uncertainty           -0.035    12.261    
    SLICE_X152Y116       FDRE (Setup_fdre_C_D)        0.064    12.325    dut/is_seq_reg
  -------------------------------------------------------------------
                         required time                         12.325    
                         arrival time                          -8.260    
  -------------------------------------------------------------------
                         slack                                  4.065    

Slack (MET) :             4.200ns  (required time - arrival time)
  Source:                 seq_reg[4]/C
                            (rising edge-triggered cell FDSE clocked by sys_clk_n'  {rise@0.000ns fall@2.500ns period=5.000ns})
  Destination:            seq_reg[5]/D
                            (rising edge-triggered cell FDSE clocked by sys_clk_n'  {rise@0.000ns fall@2.500ns period=5.000ns})
  Path Group:             sys_clk_n
  Path Type:              Setup (Max at Slow Process Corner)
  Requirement:            5.000ns  (sys_clk_n fall@7.500ns - sys_clk_n fall@2.500ns)
  Data Path Delay:        0.651ns  (logic 0.236ns (36.231%)  route 0.415ns (63.768%))
  Logic Levels:           0  
  Clock Path Skew:        -0.021ns (DCD - SCD + CPR)
    Destination Clock Delay (DCD):    4.444ns = ( 11.944 - 7.500 ) 
    Source Clock Delay      (SCD):    4.817ns = ( 7.317 - 2.500 ) 
    Clock Pessimism Removal (CPR):    0.351ns
  Clock Uncertainty:      0.035ns  ((TSJ^2 + TIJ^2)^1/2 + DJ) / 2 + PE
    Total System Jitter     (TSJ):    0.071ns
    Total Input Jitter      (TIJ):    0.000ns
    Discrete Jitter          (DJ):    0.000ns
    Phase Error              (PE):    0.000ns

    Location             Delay type                Incr(ns)  Path(ns)    Netlist Resource(s)
  -------------------------------------------------------------------    -------------------
                         (clock sys_clk_n fall edge)
                                                      2.500     2.500 f  
    AD11                                              0.000     2.500 f  sys_clk_n (IN)
                         net (fo=0)                   0.000     2.500    sys_clk_n
    AD12                 IBUFDS (Prop_ibufds_IB_O)    0.906     3.406 r  CLK_U/O
                         net (fo=1, routed)           2.299     5.705    clk
    BUFGCTRL_X0Y0        BUFG (Prop_bufg_I_O)         0.093     5.798 r  clk_BUFG_inst/O
                         net (fo=21, routed)          1.519     7.317    clk_BUFG
    SLICE_X152Y117       FDSE                                         r  seq_reg[4]/C
  -------------------------------------------------------------------    -------------------
    SLICE_X152Y117       FDSE (Prop_fdse_C_Q)         0.236     7.553 r  seq_reg[4]/Q
                         net (fo=1, routed)           0.415     7.968    seq_reg_n_0_[4]
    SLICE_X153Y117       FDSE                                         r  seq_reg[5]/D
  -------------------------------------------------------------------    -------------------

                         (clock sys_clk_n fall edge)
                                                      7.500     7.500 f  
    AD11                                              0.000     7.500 f  sys_clk_n (IN)
                         net (fo=0)                   0.000     7.500    sys_clk_n
    AD12                 IBUFDS (Prop_ibufds_IB_O)    0.803     8.303 r  CLK_U/O
                         net (fo=1, routed)           2.173    10.476    clk
    BUFGCTRL_X0Y0        BUFG (Prop_bufg_I_O)         0.083    10.559 r  clk_BUFG_inst/O
                         net (fo=21, routed)          1.385    11.944    clk_BUFG
    SLICE_X153Y117       FDSE                                         r  seq_reg[5]/C
                         clock pessimism              0.351    12.296    
                         clock uncertainty           -0.035    12.260    
    SLICE_X153Y117       FDSE (Setup_fdse_C_D)       -0.092    12.168    seq_reg[5]
  -------------------------------------------------------------------
                         required time                         12.168    
                         arrival time                          -7.968    
  -------------------------------------------------------------------
                         slack                                  4.200    

Slack (MET) :             4.245ns  (required time - arrival time)
  Source:                 seq_reg[8]/C
                            (rising edge-triggered cell FDSE clocked by sys_clk_n'  {rise@0.000ns fall@2.500ns period=5.000ns})
  Destination:            seq_reg[9]/D
                            (rising edge-triggered cell FDSE clocked by sys_clk_n'  {rise@0.000ns fall@2.500ns period=5.000ns})
  Path Group:             sys_clk_n
  Path Type:              Setup (Max at Slow Process Corner)
  Requirement:            5.000ns  (sys_clk_n fall@7.500ns - sys_clk_n fall@2.500ns)
  Data Path Delay:        0.631ns  (logic 0.204ns (32.342%)  route 0.427ns (67.658%))
  Logic Levels:           0  
  Clock Path Skew:        0.000ns (DCD - SCD + CPR)
    Destination Clock Delay (DCD):    4.444ns = ( 11.944 - 7.500 ) 
    Source Clock Delay      (SCD):    4.817ns = ( 7.317 - 2.500 ) 
    Clock Pessimism Removal (CPR):    0.372ns
  Clock Uncertainty:      0.035ns  ((TSJ^2 + TIJ^2)^1/2 + DJ) / 2 + PE
    Total System Jitter     (TSJ):    0.071ns
    Total Input Jitter      (TIJ):    0.000ns
    Discrete Jitter          (DJ):    0.000ns
    Phase Error              (PE):    0.000ns

    Location             Delay type                Incr(ns)  Path(ns)    Netlist Resource(s)
  -------------------------------------------------------------------    -------------------
                         (clock sys_clk_n fall edge)
                                                      2.500     2.500 f  
    AD11                                              0.000     2.500 f  sys_clk_n (IN)
                         net (fo=0)                   0.000     2.500    sys_clk_n
    AD12                 IBUFDS (Prop_ibufds_IB_O)    0.906     3.406 r  CLK_U/O
                         net (fo=1, routed)           2.299     5.705    clk
    BUFGCTRL_X0Y0        BUFG (Prop_bufg_I_O)         0.093     5.798 r  clk_BUFG_inst/O
                         net (fo=21, routed)          1.519     7.317    clk_BUFG
    SLICE_X153Y117       FDSE                                         r  seq_reg[8]/C
  -------------------------------------------------------------------    -------------------
    SLICE_X153Y117       FDSE (Prop_fdse_C_Q)         0.204     7.521 r  seq_reg[8]/Q
                         net (fo=1, routed)           0.427     7.947    seq_reg_n_0_[8]
    SLICE_X153Y117       FDSE                                         r  seq_reg[9]/D
  -------------------------------------------------------------------    -------------------

                         (clock sys_clk_n fall edge)
                                                      7.500     7.500 f  
    AD11                                              0.000     7.500 f  sys_clk_n (IN)
                         net (fo=0)                   0.000     7.500    sys_clk_n
    AD12                 IBUFDS (Prop_ibufds_IB_O)    0.803     8.303 r  CLK_U/O
                         net (fo=1, routed)           2.173    10.476    clk
    BUFGCTRL_X0Y0        BUFG (Prop_bufg_I_O)         0.083    10.559 r  clk_BUFG_inst/O
                         net (fo=21, routed)          1.385    11.944    clk_BUFG
    SLICE_X153Y117       FDSE                                         r  seq_reg[9]/C
                         clock pessimism              0.372    12.317    
                         clock uncertainty           -0.035    12.281    
    SLICE_X153Y117       FDSE (Setup_fdse_C_D)       -0.089    12.192    seq_reg[9]
  -------------------------------------------------------------------
                         required time                         12.192    
                         arrival time                          -7.947    
  -------------------------------------------------------------------
                         slack                                  4.245    

Slack (MET) :             4.254ns  (required time - arrival time)
  Source:                 seq_reg[9]/C
                            (rising edge-triggered cell FDSE clocked by sys_clk_n'  {rise@0.000ns fall@2.500ns period=5.000ns})
  Destination:            seq_reg[10]/D
                            (rising edge-triggered cell FDRE clocked by sys_clk_n'  {rise@0.000ns fall@2.500ns period=5.000ns})
  Path Group:             sys_clk_n
  Path Type:              Setup (Max at Slow Process Corner)
  Requirement:            5.000ns  (sys_clk_n fall@7.500ns - sys_clk_n fall@2.500ns)
  Data Path Delay:        0.628ns  (logic 0.204ns (32.472%)  route 0.424ns (67.528%))
  Logic Levels:           0  
  Clock Path Skew:        -0.021ns (DCD - SCD + CPR)
    Destination Clock Delay (DCD):    4.444ns = ( 11.944 - 7.500 ) 
    Source Clock Delay      (SCD):    4.817ns = ( 7.317 - 2.500 ) 
    Clock Pessimism Removal (CPR):    0.351ns
  Clock Uncertainty:      0.035ns  ((TSJ^2 + TIJ^2)^1/2 + DJ) / 2 + PE
    Total System Jitter     (TSJ):    0.071ns
    Total Input Jitter      (TIJ):    0.000ns
    Discrete Jitter          (DJ):    0.000ns
    Phase Error              (PE):    0.000ns

    Location             Delay type                Incr(ns)  Path(ns)    Netlist Resource(s)
  -------------------------------------------------------------------    -------------------
                         (clock sys_clk_n fall edge)
                                                      2.500     2.500 f  
    AD11                                              0.000     2.500 f  sys_clk_n (IN)
                         net (fo=0)                   0.000     2.500    sys_clk_n
    AD12                 IBUFDS (Prop_ibufds_IB_O)    0.906     3.406 r  CLK_U/O
                         net (fo=1, routed)           2.299     5.705    clk
    BUFGCTRL_X0Y0        BUFG (Prop_bufg_I_O)         0.093     5.798 r  clk_BUFG_inst/O
                         net (fo=21, routed)          1.519     7.317    clk_BUFG
    SLICE_X153Y117       FDSE                                         r  seq_reg[9]/C
  -------------------------------------------------------------------    -------------------
    SLICE_X153Y117       FDSE (Prop_fdse_C_Q)         0.204     7.521 r  seq_reg[9]/Q
                         net (fo=1, routed)           0.424     7.945    seq_reg_n_0_[9]
    SLICE_X152Y117       FDRE                                         r  seq_reg[10]/D
  -------------------------------------------------------------------    -------------------

                         (clock sys_clk_n fall edge)
                                                      7.500     7.500 f  
    AD11                                              0.000     7.500 f  sys_clk_n (IN)
                         net (fo=0)                   0.000     7.500    sys_clk_n
    AD12                 IBUFDS (Prop_ibufds_IB_O)    0.803     8.303 r  CLK_U/O
                         net (fo=1, routed)           2.173    10.476    clk
    BUFGCTRL_X0Y0        BUFG (Prop_bufg_I_O)         0.083    10.559 r  clk_BUFG_inst/O
                         net (fo=21, routed)          1.385    11.944    clk_BUFG
    SLICE_X152Y117       FDRE                                         r  seq_reg[10]/C
                         clock pessimism              0.351    12.296    
                         clock uncertainty           -0.035    12.260    
    SLICE_X152Y117       FDRE (Setup_fdre_C_D)       -0.061    12.199    seq_reg[10]
  -------------------------------------------------------------------
                         required time                         12.199    
                         arrival time                          -7.945    
  -------------------------------------------------------------------
                         slack                                  4.254    

Slack (MET) :             4.277ns  (required time - arrival time)
  Source:                 seq_reg[15]/C
                            (rising edge-triggered cell FDSE clocked by sys_clk_n'  {rise@0.000ns fall@2.500ns period=5.000ns})
  Destination:            seq_reg[16]/D
                            (rising edge-triggered cell FDRE clocked by sys_clk_n'  {rise@0.000ns fall@2.500ns period=5.000ns})
  Path Group:             sys_clk_n
  Path Type:              Setup (Max at Slow Process Corner)
  Requirement:            5.000ns  (sys_clk_n fall@7.500ns - sys_clk_n fall@2.500ns)
  Data Path Delay:        0.688ns  (logic 0.259ns (37.660%)  route 0.429ns (62.340%))
  Logic Levels:           0  
  Clock Path Skew:        0.000ns (DCD - SCD + CPR)
    Destination Clock Delay (DCD):    4.444ns = ( 11.944 - 7.500 ) 
    Source Clock Delay      (SCD):    4.817ns = ( 7.317 - 2.500 ) 
    Clock Pessimism Removal (CPR):    0.372ns
  Clock Uncertainty:      0.035ns  ((TSJ^2 + TIJ^2)^1/2 + DJ) / 2 + PE
    Total System Jitter     (TSJ):    0.071ns
    Total Input Jitter      (TIJ):    0.000ns
    Discrete Jitter          (DJ):    0.000ns
    Phase Error              (PE):    0.000ns

    Location             Delay type                Incr(ns)  Path(ns)    Netlist Resource(s)
  -------------------------------------------------------------------    -------------------
                         (clock sys_clk_n fall edge)
                                                      2.500     2.500 f  
    AD11                                              0.000     2.500 f  sys_clk_n (IN)
                         net (fo=0)                   0.000     2.500    sys_clk_n
    AD12                 IBUFDS (Prop_ibufds_IB_O)    0.906     3.406 r  CLK_U/O
                         net (fo=1, routed)           2.299     5.705    clk
    BUFGCTRL_X0Y0        BUFG (Prop_bufg_I_O)         0.093     5.798 r  clk_BUFG_inst/O
                         net (fo=21, routed)          1.519     7.317    clk_BUFG
    SLICE_X152Y117       FDSE                                         r  seq_reg[15]/C
  -------------------------------------------------------------------    -------------------
    SLICE_X152Y117       FDSE (Prop_fdse_C_Q)         0.259     7.576 r  seq_reg[15]/Q
                         net (fo=1, routed)           0.429     8.004    seq_reg_n_0_[15]
    SLICE_X152Y117       FDRE                                         r  seq_reg[16]/D
  -------------------------------------------------------------------    -------------------

                         (clock sys_clk_n fall edge)
                                                      7.500     7.500 f  
    AD11                                              0.000     7.500 f  sys_clk_n (IN)
                         net (fo=0)                   0.000     7.500    sys_clk_n
    AD12                 IBUFDS (Prop_ibufds_IB_O)    0.803     8.303 r  CLK_U/O
                         net (fo=1, routed)           2.173    10.476    clk
    BUFGCTRL_X0Y0        BUFG (Prop_bufg_I_O)         0.083    10.559 r  clk_BUFG_inst/O
                         net (fo=21, routed)          1.385    11.944    clk_BUFG
    SLICE_X152Y117       FDRE                                         r  seq_reg[16]/C
                         clock pessimism              0.372    12.317    
                         clock uncertainty           -0.035    12.281    
    SLICE_X152Y117       FDRE (Setup_fdre_C_D)        0.000    12.281    seq_reg[16]
  -------------------------------------------------------------------
                         required time                         12.281    
                         arrival time                          -8.004    
  -------------------------------------------------------------------
                         slack                                  4.277    

Slack (MET) :             4.285ns  (required time - arrival time)
  Source:                 dut/seq_reg_reg[1]/C
                            (rising edge-triggered cell FDRE clocked by sys_clk_n'  {rise@0.000ns fall@2.500ns period=5.000ns})
  Destination:            dut/seq_reg_reg[2]/D
                            (rising edge-triggered cell FDRE clocked by sys_clk_n'  {rise@0.000ns fall@2.500ns period=5.000ns})
  Path Group:             sys_clk_n
  Path Type:              Setup (Max at Slow Process Corner)
  Requirement:            5.000ns  (sys_clk_n fall@7.500ns - sys_clk_n fall@2.500ns)
  Data Path Delay:        0.660ns  (logic 0.223ns (33.774%)  route 0.437ns (66.226%))
  Logic Levels:           0  
  Clock Path Skew:        0.000ns (DCD - SCD + CPR)
    Destination Clock Delay (DCD):    4.445ns = ( 11.945 - 7.500 ) 
    Source Clock Delay      (SCD):    4.818ns = ( 7.318 - 2.500 ) 
    Clock Pessimism Removal (CPR):    0.372ns
  Clock Uncertainty:      0.035ns  ((TSJ^2 + TIJ^2)^1/2 + DJ) / 2 + PE
    Total System Jitter     (TSJ):    0.071ns
    Total Input Jitter      (TIJ):    0.000ns
    Discrete Jitter          (DJ):    0.000ns
    Phase Error              (PE):    0.000ns

    Location             Delay type                Incr(ns)  Path(ns)    Netlist Resource(s)
  -------------------------------------------------------------------    -------------------
                         (clock sys_clk_n fall edge)
                                                      2.500     2.500 f  
    AD11                                              0.000     2.500 f  sys_clk_n (IN)
                         net (fo=0)                   0.000     2.500    sys_clk_n
    AD12                 IBUFDS (Prop_ibufds_IB_O)    0.906     3.406 r  CLK_U/O
                         net (fo=1, routed)           2.299     5.705    clk
    BUFGCTRL_X0Y0        BUFG (Prop_bufg_I_O)         0.093     5.798 r  clk_BUFG_inst/O
                         net (fo=21, routed)          1.520     7.318    dut/CLK
    SLICE_X153Y116       FDRE                                         r  dut/seq_reg_reg[1]/C
  -------------------------------------------------------------------    -------------------
    SLICE_X153Y116       FDRE (Prop_fdre_C_Q)         0.223     7.541 r  dut/seq_reg_reg[1]/Q
                         net (fo=2, routed)           0.437     7.978    dut/seq_reg[1]
    SLICE_X153Y116       FDRE                                         r  dut/seq_reg_reg[2]/D
  -------------------------------------------------------------------    -------------------

                         (clock sys_clk_n fall edge)
                                                      7.500     7.500 f  
    AD11                                              0.000     7.500 f  sys_clk_n (IN)
                         net (fo=0)                   0.000     7.500    sys_clk_n
    AD12                 IBUFDS (Prop_ibufds_IB_O)    0.803     8.303 r  CLK_U/O
                         net (fo=1, routed)           2.173    10.476    clk
    BUFGCTRL_X0Y0        BUFG (Prop_bufg_I_O)         0.083    10.559 r  clk_BUFG_inst/O
                         net (fo=21, routed)          1.386    11.945    dut/CLK
    SLICE_X153Y116       FDRE                                         r  dut/seq_reg_reg[2]/C
                         clock pessimism              0.372    12.318    
                         clock uncertainty           -0.035    12.282    
    SLICE_X153Y116       FDRE (Setup_fdre_C_D)       -0.019    12.263    dut/seq_reg_reg[2]
  -------------------------------------------------------------------
                         required time                         12.263    
                         arrival time                          -7.978    
  -------------------------------------------------------------------
                         slack                                  4.285    

Slack (MET) :             4.300ns  (required time - arrival time)
  Source:                 dut/seq_reg_reg[2]/C
                            (rising edge-triggered cell FDRE clocked by sys_clk_n'  {rise@0.000ns fall@2.500ns period=5.000ns})
  Destination:            dut/seq_reg_reg[3]/D
                            (rising edge-triggered cell FDRE clocked by sys_clk_n'  {rise@0.000ns fall@2.500ns period=5.000ns})
  Path Group:             sys_clk_n
  Path Type:              Setup (Max at Slow Process Corner)
  Requirement:            5.000ns  (sys_clk_n fall@7.500ns - sys_clk_n fall@2.500ns)
  Data Path Delay:        0.655ns  (logic 0.223ns (34.059%)  route 0.432ns (65.941%))
  Logic Levels:           0  
  Clock Path Skew:        -0.021ns (DCD - SCD + CPR)
    Destination Clock Delay (DCD):    4.445ns = ( 11.945 - 7.500 ) 
    Source Clock Delay      (SCD):    4.818ns = ( 7.318 - 2.500 ) 
    Clock Pessimism Removal (CPR):    0.351ns
  Clock Uncertainty:      0.035ns  ((TSJ^2 + TIJ^2)^1/2 + DJ) / 2 + PE
    Total System Jitter     (TSJ):    0.071ns
    Total Input Jitter      (TIJ):    0.000ns
    Discrete Jitter          (DJ):    0.000ns
    Phase Error              (PE):    0.000ns

    Location             Delay type                Incr(ns)  Path(ns)    Netlist Resource(s)
  -------------------------------------------------------------------    -------------------
                         (clock sys_clk_n fall edge)
                                                      2.500     2.500 f  
    AD11                                              0.000     2.500 f  sys_clk_n (IN)
                         net (fo=0)                   0.000     2.500    sys_clk_n
    AD12                 IBUFDS (Prop_ibufds_IB_O)    0.906     3.406 r  CLK_U/O
                         net (fo=1, routed)           2.299     5.705    clk
    BUFGCTRL_X0Y0        BUFG (Prop_bufg_I_O)         0.093     5.798 r  clk_BUFG_inst/O
                         net (fo=21, routed)          1.520     7.318    dut/CLK
    SLICE_X153Y116       FDRE                                         r  dut/seq_reg_reg[2]/C
  -------------------------------------------------------------------    -------------------
    SLICE_X153Y116       FDRE (Prop_fdre_C_Q)         0.223     7.541 r  dut/seq_reg_reg[2]/Q
                         net (fo=2, routed)           0.432     7.972    dut/seq_reg[2]
    SLICE_X152Y116       FDRE                                         r  dut/seq_reg_reg[3]/D
  -------------------------------------------------------------------    -------------------

                         (clock sys_clk_n fall edge)
                                                      7.500     7.500 f  
    AD11                                              0.000     7.500 f  sys_clk_n (IN)
                         net (fo=0)                   0.000     7.500    sys_clk_n
    AD12                 IBUFDS (Prop_ibufds_IB_O)    0.803     8.303 r  CLK_U/O
                         net (fo=1, routed)           2.173    10.476    clk
    BUFGCTRL_X0Y0        BUFG (Prop_bufg_I_O)         0.083    10.559 r  clk_BUFG_inst/O
                         net (fo=21, routed)          1.386    11.945    dut/CLK
    SLICE_X152Y116       FDRE                                         r  dut/seq_reg_reg[3]/C
                         clock pessimism              0.351    12.297    
                         clock uncertainty           -0.035    12.261    
    SLICE_X152Y116       FDRE (Setup_fdre_C_D)        0.011    12.272    dut/seq_reg_reg[3]
  -------------------------------------------------------------------
                         required time                         12.272    
                         arrival time                          -7.972    
  -------------------------------------------------------------------
                         slack                                  4.300    

Slack (MET) :             4.304ns  (required time - arrival time)
  Source:                 seq_reg[7]/C
                            (rising edge-triggered cell FDRE clocked by sys_clk_n'  {rise@0.000ns fall@2.500ns period=5.000ns})
  Destination:            seq_reg[8]/D
                            (rising edge-triggered cell FDSE clocked by sys_clk_n'  {rise@0.000ns fall@2.500ns period=5.000ns})
  Path Group:             sys_clk_n
  Path Type:              Setup (Max at Slow Process Corner)
  Requirement:            5.000ns  (sys_clk_n fall@7.500ns - sys_clk_n fall@2.500ns)
  Data Path Delay:        0.573ns  (logic 0.204ns (35.610%)  route 0.369ns (64.390%))
  Logic Levels:           0  
  Clock Path Skew:        0.000ns (DCD - SCD + CPR)
    Destination Clock Delay (DCD):    4.444ns = ( 11.944 - 7.500 ) 
    Source Clock Delay      (SCD):    4.817ns = ( 7.317 - 2.500 ) 
    Clock Pessimism Removal (CPR):    0.372ns
  Clock Uncertainty:      0.035ns  ((TSJ^2 + TIJ^2)^1/2 + DJ) / 2 + PE
    Total System Jitter     (TSJ):    0.071ns
    Total Input Jitter      (TIJ):    0.000ns
    Discrete Jitter          (DJ):    0.000ns
    Phase Error              (PE):    0.000ns

    Location             Delay type                Incr(ns)  Path(ns)    Netlist Resource(s)
  -------------------------------------------------------------------    -------------------
                         (clock sys_clk_n fall edge)
                                                      2.500     2.500 f  
    AD11                                              0.000     2.500 f  sys_clk_n (IN)
                         net (fo=0)                   0.000     2.500    sys_clk_n
    AD12                 IBUFDS (Prop_ibufds_IB_O)    0.906     3.406 r  CLK_U/O
                         net (fo=1, routed)           2.299     5.705    clk
    BUFGCTRL_X0Y0        BUFG (Prop_bufg_I_O)         0.093     5.798 r  clk_BUFG_inst/O
                         net (fo=21, routed)          1.519     7.317    clk_BUFG
    SLICE_X153Y117       FDRE                                         r  seq_reg[7]/C
  -------------------------------------------------------------------    -------------------
    SLICE_X153Y117       FDRE (Prop_fdre_C_Q)         0.204     7.521 r  seq_reg[7]/Q
                         net (fo=1, routed)           0.369     7.890    seq_reg_n_0_[7]
    SLICE_X153Y117       FDSE                                         r  seq_reg[8]/D
  -------------------------------------------------------------------    -------------------

                         (clock sys_clk_n fall edge)
                                                      7.500     7.500 f  
    AD11                                              0.000     7.500 f  sys_clk_n (IN)
                         net (fo=0)                   0.000     7.500    sys_clk_n
    AD12                 IBUFDS (Prop_ibufds_IB_O)    0.803     8.303 r  CLK_U/O
                         net (fo=1, routed)           2.173    10.476    clk
    BUFGCTRL_X0Y0        BUFG (Prop_bufg_I_O)         0.083    10.559 r  clk_BUFG_inst/O
                         net (fo=21, routed)          1.385    11.944    clk_BUFG
    SLICE_X153Y117       FDSE                                         r  seq_reg[8]/C
                         clock pessimism              0.372    12.317    
                         clock uncertainty           -0.035    12.281    
    SLICE_X153Y117       FDSE (Setup_fdse_C_D)       -0.088    12.193    seq_reg[8]
  -------------------------------------------------------------------
                         required time                         12.193    
                         arrival time                          -7.890    
  -------------------------------------------------------------------
                         slack                                  4.304    

Slack (MET) :             4.331ns  (required time - arrival time)
  Source:                 seq_reg[17]/C
                            (rising edge-triggered cell FDRE clocked by sys_clk_n'  {rise@0.000ns fall@2.500ns period=5.000ns})
  Destination:            dut/seq_reg_reg[0]/D
                            (rising edge-triggered cell FDRE clocked by sys_clk_n'  {rise@0.000ns fall@2.500ns period=5.000ns})
  Path Group:             sys_clk_n
  Path Type:              Setup (Max at Slow Process Corner)
  Requirement:            5.000ns  (sys_clk_n fall@7.500ns - sys_clk_n fall@2.500ns)
  Data Path Delay:        0.510ns  (logic 0.236ns (46.317%)  route 0.274ns (53.683%))
  Logic Levels:           0  
  Clock Path Skew:        -0.022ns (DCD - SCD + CPR)
    Destination Clock Delay (DCD):    4.445ns = ( 11.945 - 7.500 ) 
    Source Clock Delay      (SCD):    4.817ns = ( 7.317 - 2.500 ) 
    Clock Pessimism Removal (CPR):    0.349ns
  Clock Uncertainty:      0.035ns  ((TSJ^2 + TIJ^2)^1/2 + DJ) / 2 + PE
    Total System Jitter     (TSJ):    0.071ns
    Total Input Jitter      (TIJ):    0.000ns
    Discrete Jitter          (DJ):    0.000ns
    Phase Error              (PE):    0.000ns

    Location             Delay type                Incr(ns)  Path(ns)    Netlist Resource(s)
  -------------------------------------------------------------------    -------------------
                         (clock sys_clk_n fall edge)
                                                      2.500     2.500 f  
    AD11                                              0.000     2.500 f  sys_clk_n (IN)
                         net (fo=0)                   0.000     2.500    sys_clk_n
    AD12                 IBUFDS (Prop_ibufds_IB_O)    0.906     3.406 r  CLK_U/O
                         net (fo=1, routed)           2.299     5.705    clk
    BUFGCTRL_X0Y0        BUFG (Prop_bufg_I_O)         0.093     5.798 r  clk_BUFG_inst/O
                         net (fo=21, routed)          1.519     7.317    clk_BUFG
    SLICE_X152Y117       FDRE                                         r  seq_reg[17]/C
  -------------------------------------------------------------------    -------------------
    SLICE_X152Y117       FDRE (Prop_fdre_C_Q)         0.236     7.553 r  seq_reg[17]/Q
                         net (fo=1, routed)           0.274     7.826    dut/Q[0]
    SLICE_X153Y116       FDRE                                         r  dut/seq_reg_reg[0]/D
  -------------------------------------------------------------------    -------------------

                         (clock sys_clk_n fall edge)
                                                      7.500     7.500 f  
    AD11                                              0.000     7.500 f  sys_clk_n (IN)
                         net (fo=0)                   0.000     7.500    sys_clk_n
    AD12                 IBUFDS (Prop_ibufds_IB_O)    0.803     8.303 r  CLK_U/O
                         net (fo=1, routed)           2.173    10.476    clk
    BUFGCTRL_X0Y0        BUFG (Prop_bufg_I_O)         0.083    10.559 r  clk_BUFG_inst/O
                         net (fo=21, routed)          1.386    11.945    dut/CLK
    SLICE_X153Y116       FDRE                                         r  dut/seq_reg_reg[0]/C
                         clock pessimism              0.349    12.295    
                         clock uncertainty           -0.035    12.259    
    SLICE_X153Y116       FDRE (Setup_fdre_C_D)       -0.102    12.157    dut/seq_reg_reg[0]
  -------------------------------------------------------------------
                         required time                         12.157    
                         arrival time                          -7.826    
  -------------------------------------------------------------------
                         slack                                  4.331    

Slack (MET) :             4.348ns  (required time - arrival time)
  Source:                 seq_reg[14]/C
                            (rising edge-triggered cell FDSE clocked by sys_clk_n'  {rise@0.000ns fall@2.500ns period=5.000ns})
  Destination:            seq_reg[15]/D
                            (rising edge-triggered cell FDSE clocked by sys_clk_n'  {rise@0.000ns fall@2.500ns period=5.000ns})
  Path Group:             sys_clk_n
  Path Type:              Setup (Max at Slow Process Corner)
  Requirement:            5.000ns  (sys_clk_n fall@7.500ns - sys_clk_n fall@2.500ns)
  Data Path Delay:        0.596ns  (logic 0.223ns (37.441%)  route 0.373ns (62.559%))
  Logic Levels:           0  
  Clock Path Skew:        -0.021ns (DCD - SCD + CPR)
    Destination Clock Delay (DCD):    4.444ns = ( 11.944 - 7.500 ) 
    Source Clock Delay      (SCD):    4.817ns = ( 7.317 - 2.500 ) 
    Clock Pessimism Removal (CPR):    0.351ns
  Clock Uncertainty:      0.035ns  ((TSJ^2 + TIJ^2)^1/2 + DJ) / 2 + PE
    Total System Jitter     (TSJ):    0.071ns
    Total Input Jitter      (TIJ):    0.000ns
    Discrete Jitter          (DJ):    0.000ns
    Phase Error              (PE):    0.000ns

    Location             Delay type                Incr(ns)  Path(ns)    Netlist Resource(s)
  -------------------------------------------------------------------    -------------------
                         (clock sys_clk_n fall edge)
                                                      2.500     2.500 f  
    AD11                                              0.000     2.500 f  sys_clk_n (IN)
                         net (fo=0)                   0.000     2.500    sys_clk_n
    AD12                 IBUFDS (Prop_ibufds_IB_O)    0.906     3.406 r  CLK_U/O
                         net (fo=1, routed)           2.299     5.705    clk
    BUFGCTRL_X0Y0        BUFG (Prop_bufg_I_O)         0.093     5.798 r  clk_BUFG_inst/O
                         net (fo=21, routed)          1.519     7.317    clk_BUFG
    SLICE_X153Y117       FDSE                                         r  seq_reg[14]/C
  -------------------------------------------------------------------    -------------------
    SLICE_X153Y117       FDSE (Prop_fdse_C_Q)         0.223     7.540 r  seq_reg[14]/Q
                         net (fo=1, routed)           0.373     7.912    seq_reg_n_0_[14]
    SLICE_X152Y117       FDSE                                         r  seq_reg[15]/D
  -------------------------------------------------------------------    -------------------

                         (clock sys_clk_n fall edge)
                                                      7.500     7.500 f  
    AD11                                              0.000     7.500 f  sys_clk_n (IN)
                         net (fo=0)                   0.000     7.500    sys_clk_n
    AD12                 IBUFDS (Prop_ibufds_IB_O)    0.803     8.303 r  CLK_U/O
                         net (fo=1, routed)           2.173    10.476    clk
    BUFGCTRL_X0Y0        BUFG (Prop_bufg_I_O)         0.083    10.559 r  clk_BUFG_inst/O
                         net (fo=21, routed)          1.385    11.944    clk_BUFG
    SLICE_X152Y117       FDSE                                         r  seq_reg[15]/C
                         clock pessimism              0.351    12.296    
                         clock uncertainty           -0.035    12.260    
    SLICE_X152Y117       FDSE (Setup_fdse_C_D)        0.000    12.260    seq_reg[15]
  -------------------------------------------------------------------
                         required time                         12.260    
                         arrival time                          -7.912    
  -------------------------------------------------------------------
                         slack                                  4.348    





Min Delay Paths
--------------------------------------------------------------------------------------
Slack (MET) :             0.118ns  (arrival time - required time)
  Source:                 dut/seq_reg_reg[0]/C
                            (rising edge-triggered cell FDRE clocked by sys_clk_n'  {rise@0.000ns fall@2.500ns period=5.000ns})
  Destination:            dut/is_seq_reg/D
                            (rising edge-triggered cell FDRE clocked by sys_clk_n'  {rise@0.000ns fall@2.500ns period=5.000ns})
  Path Group:             sys_clk_n
  Path Type:              Hold (Min at Fast Process Corner)
  Requirement:            0.000ns  (sys_clk_n fall@2.500ns - sys_clk_n fall@2.500ns)
  Data Path Delay:        0.216ns  (logic 0.128ns (59.223%)  route 0.088ns (40.777%))
  Logic Levels:           1  (LUT6=1)
  Clock Path Skew:        0.011ns (DCD - SCD - CPR)
    Destination Clock Delay (DCD):    2.543ns = ( 5.043 - 2.500 ) 
    Source Clock Delay      (SCD):    2.168ns = ( 4.668 - 2.500 ) 
    Clock Pessimism Removal (CPR):    0.363ns

    Location             Delay type                Incr(ns)  Path(ns)    Netlist Resource(s)
  -------------------------------------------------------------------    -------------------
                         (clock sys_clk_n fall edge)
                                                      2.500     2.500 f  
    AD11                                              0.000     2.500 f  sys_clk_n (IN)
                         net (fo=0)                   0.000     2.500    sys_clk_n
    AD12                 IBUFDS (Prop_ibufds_IB_O)    0.388     2.888 r  CLK_U/O
                         net (fo=1, routed)           1.083     3.971    clk
    BUFGCTRL_X0Y0        BUFG (Prop_bufg_I_O)         0.026     3.997 r  clk_BUFG_inst/O
                         net (fo=21, routed)          0.671     4.668    dut/CLK
    SLICE_X153Y116       FDRE                                         r  dut/seq_reg_reg[0]/C
  -------------------------------------------------------------------    -------------------
    SLICE_X153Y116       FDRE (Prop_fdre_C_Q)         0.100     4.768 f  dut/seq_reg_reg[0]/Q
                         net (fo=2, routed)           0.088     4.857    dut/seq_reg[0]
    SLICE_X152Y116       LUT6 (Prop_lut6_I4_O)        0.028     4.885 r  dut/is_seq_i_1/O
                         net (fo=1, routed)           0.000     4.885    dut/is_seq_i_1_n_0
    SLICE_X152Y116       FDRE                                         r  dut/is_seq_reg/D
  -------------------------------------------------------------------    -------------------

                         (clock sys_clk_n fall edge)
                                                      2.500     2.500 f  
    AD11                                              0.000     2.500 f  sys_clk_n (IN)
                         net (fo=0)                   0.000     2.500    sys_clk_n
    AD12                 IBUFDS (Prop_ibufds_IB_O)    0.470     2.970 r  CLK_U/O
                         net (fo=1, routed)           1.154     4.124    clk
    BUFGCTRL_X0Y0        BUFG (Prop_bufg_I_O)         0.030     4.154 r  clk_BUFG_inst/O
                         net (fo=21, routed)          0.889     5.043    dut/CLK
    SLICE_X152Y116       FDRE                                         r  dut/is_seq_reg/C
                         clock pessimism             -0.363     4.679    
    SLICE_X152Y116       FDRE (Hold_fdre_C_D)         0.087     4.766    dut/is_seq_reg
  -------------------------------------------------------------------
                         required time                         -4.766    
                         arrival time                           4.885    
  -------------------------------------------------------------------
                         slack                                  0.118    

Slack (MET) :             0.161ns  (arrival time - required time)
  Source:                 seq_reg[12]/C
                            (rising edge-triggered cell FDRE clocked by sys_clk_n'  {rise@0.000ns fall@2.500ns period=5.000ns})
  Destination:            seq_reg[13]/D
                            (rising edge-triggered cell FDSE clocked by sys_clk_n'  {rise@0.000ns fall@2.500ns period=5.000ns})
  Path Group:             sys_clk_n
  Path Type:              Hold (Min at Fast Process Corner)
  Requirement:            0.000ns  (sys_clk_n fall@2.500ns - sys_clk_n fall@2.500ns)
  Data Path Delay:        0.193ns  (logic 0.100ns (51.898%)  route 0.093ns (48.102%))
  Logic Levels:           0  
  Clock Path Skew:        0.000ns (DCD - SCD - CPR)
    Destination Clock Delay (DCD):    2.542ns = ( 5.042 - 2.500 ) 
    Source Clock Delay      (SCD):    2.167ns = ( 4.667 - 2.500 ) 
    Clock Pessimism Removal (CPR):    0.374ns

    Location             Delay type                Incr(ns)  Path(ns)    Netlist Resource(s)
  -------------------------------------------------------------------    -------------------
                         (clock sys_clk_n fall edge)
                                                      2.500     2.500 f  
    AD11                                              0.000     2.500 f  sys_clk_n (IN)
                         net (fo=0)                   0.000     2.500    sys_clk_n
    AD12                 IBUFDS (Prop_ibufds_IB_O)    0.388     2.888 r  CLK_U/O
                         net (fo=1, routed)           1.083     3.971    clk
    BUFGCTRL_X0Y0        BUFG (Prop_bufg_I_O)         0.026     3.997 r  clk_BUFG_inst/O
                         net (fo=21, routed)          0.670     4.667    clk_BUFG
    SLICE_X153Y117       FDRE                                         r  seq_reg[12]/C
  -------------------------------------------------------------------    -------------------
    SLICE_X153Y117       FDRE (Prop_fdre_C_Q)         0.100     4.767 r  seq_reg[12]/Q
                         net (fo=1, routed)           0.093     4.860    seq_reg_n_0_[12]
    SLICE_X153Y117       FDSE                                         r  seq_reg[13]/D
  -------------------------------------------------------------------    -------------------

                         (clock sys_clk_n fall edge)
                                                      2.500     2.500 f  
    AD11                                              0.000     2.500 f  sys_clk_n (IN)
                         net (fo=0)                   0.000     2.500    sys_clk_n
    AD12                 IBUFDS (Prop_ibufds_IB_O)    0.470     2.970 r  CLK_U/O
                         net (fo=1, routed)           1.154     4.124    clk
    BUFGCTRL_X0Y0        BUFG (Prop_bufg_I_O)         0.030     4.154 r  clk_BUFG_inst/O
                         net (fo=21, routed)          0.888     5.042    clk_BUFG
    SLICE_X153Y117       FDSE                                         r  seq_reg[13]/C
                         clock pessimism             -0.374     4.667    
    SLICE_X153Y117       FDSE (Hold_fdse_C_D)         0.032     4.699    seq_reg[13]
  -------------------------------------------------------------------
                         required time                         -4.699    
                         arrival time                           4.860    
  -------------------------------------------------------------------
                         slack                                  0.161    

Slack (MET) :             0.172ns  (arrival time - required time)
  Source:                 seq_reg[16]/C
                            (rising edge-triggered cell FDRE clocked by sys_clk_n'  {rise@0.000ns fall@2.500ns period=5.000ns})
  Destination:            seq_reg[17]/D
                            (rising edge-triggered cell FDRE clocked by sys_clk_n'  {rise@0.000ns fall@2.500ns period=5.000ns})
  Path Group:             sys_clk_n
  Path Type:              Hold (Min at Fast Process Corner)
  Requirement:            0.000ns  (sys_clk_n fall@2.500ns - sys_clk_n fall@2.500ns)
  Data Path Delay:        0.214ns  (logic 0.118ns (55.173%)  route 0.096ns (44.827%))
  Logic Levels:           0  
  Clock Path Skew:        0.000ns (DCD - SCD - CPR)
    Destination Clock Delay (DCD):    2.542ns = ( 5.042 - 2.500 ) 
    Source Clock Delay      (SCD):    2.167ns = ( 4.667 - 2.500 ) 
    Clock Pessimism Removal (CPR):    0.374ns

    Location             Delay type                Incr(ns)  Path(ns)    Netlist Resource(s)
  -------------------------------------------------------------------    -------------------
                         (clock sys_clk_n fall edge)
                                                      2.500     2.500 f  
    AD11                                              0.000     2.500 f  sys_clk_n (IN)
                         net (fo=0)                   0.000     2.500    sys_clk_n
    AD12                 IBUFDS (Prop_ibufds_IB_O)    0.388     2.888 r  CLK_U/O
                         net (fo=1, routed)           1.083     3.971    clk
    BUFGCTRL_X0Y0        BUFG (Prop_bufg_I_O)         0.026     3.997 r  clk_BUFG_inst/O
                         net (fo=21, routed)          0.670     4.667    clk_BUFG
    SLICE_X152Y117       FDRE                                         r  seq_reg[16]/C
  -------------------------------------------------------------------    -------------------
    SLICE_X152Y117       FDRE (Prop_fdre_C_Q)         0.118     4.785 r  seq_reg[16]/Q
                         net (fo=1, routed)           0.096     4.881    seq_reg_n_0_[16]
    SLICE_X152Y117       FDRE                                         r  seq_reg[17]/D
  -------------------------------------------------------------------    -------------------

                         (clock sys_clk_n fall edge)
                                                      2.500     2.500 f  
    AD11                                              0.000     2.500 f  sys_clk_n (IN)
                         net (fo=0)                   0.000     2.500    sys_clk_n
    AD12                 IBUFDS (Prop_ibufds_IB_O)    0.470     2.970 r  CLK_U/O
                         net (fo=1, routed)           1.154     4.124    clk
    BUFGCTRL_X0Y0        BUFG (Prop_bufg_I_O)         0.030     4.154 r  clk_BUFG_inst/O
                         net (fo=21, routed)          0.888     5.042    clk_BUFG
    SLICE_X152Y117       FDRE                                         r  seq_reg[17]/C
                         clock pessimism             -0.374     4.667    
    SLICE_X152Y117       FDRE (Hold_fdre_C_D)         0.042     4.709    seq_reg[17]
  -------------------------------------------------------------------
                         required time                         -4.709    
                         arrival time                           4.881    
  -------------------------------------------------------------------
                         slack                                  0.172    

Slack (MET) :             0.189ns  (arrival time - required time)
  Source:                 seq_reg[5]/C
                            (rising edge-triggered cell FDSE clocked by sys_clk_n'  {rise@0.000ns fall@2.500ns period=5.000ns})
  Destination:            seq_reg[6]/D
                            (rising edge-triggered cell FDSE clocked by sys_clk_n'  {rise@0.000ns fall@2.500ns period=5.000ns})
  Path Group:             sys_clk_n
  Path Type:              Hold (Min at Fast Process Corner)
  Requirement:            0.000ns  (sys_clk_n fall@2.500ns - sys_clk_n fall@2.500ns)
  Data Path Delay:        0.236ns  (logic 0.100ns (42.445%)  route 0.136ns (57.555%))
  Logic Levels:           0  
  Clock Path Skew:        0.000ns (DCD - SCD - CPR)
    Destination Clock Delay (DCD):    2.542ns = ( 5.042 - 2.500 ) 
    Source Clock Delay      (SCD):    2.167ns = ( 4.667 - 2.500 ) 
    Clock Pessimism Removal (CPR):    0.374ns

    Location             Delay type                Incr(ns)  Path(ns)    Netlist Resource(s)
  -------------------------------------------------------------------    -------------------
                         (clock sys_clk_n fall edge)
                                                      2.500     2.500 f  
    AD11                                              0.000     2.500 f  sys_clk_n (IN)
                         net (fo=0)                   0.000     2.500    sys_clk_n
    AD12                 IBUFDS (Prop_ibufds_IB_O)    0.388     2.888 r  CLK_U/O
                         net (fo=1, routed)           1.083     3.971    clk
    BUFGCTRL_X0Y0        BUFG (Prop_bufg_I_O)         0.026     3.997 r  clk_BUFG_inst/O
                         net (fo=21, routed)          0.670     4.667    clk_BUFG
    SLICE_X153Y117       FDSE                                         r  seq_reg[5]/C
  -------------------------------------------------------------------    -------------------
    SLICE_X153Y117       FDSE (Prop_fdse_C_Q)         0.100     4.767 r  seq_reg[5]/Q
                         net (fo=1, routed)           0.136     4.903    seq_reg_n_0_[5]
    SLICE_X153Y117       FDSE                                         r  seq_reg[6]/D
  -------------------------------------------------------------------    -------------------

                         (clock sys_clk_n fall edge)
                                                      2.500     2.500 f  
    AD11                                              0.000     2.500 f  sys_clk_n (IN)
                         net (fo=0)                   0.000     2.500    sys_clk_n
    AD12                 IBUFDS (Prop_ibufds_IB_O)    0.470     2.970 r  CLK_U/O
                         net (fo=1, routed)           1.154     4.124    clk
    BUFGCTRL_X0Y0        BUFG (Prop_bufg_I_O)         0.030     4.154 r  clk_BUFG_inst/O
                         net (fo=21, routed)          0.888     5.042    clk_BUFG
    SLICE_X153Y117       FDSE                                         r  seq_reg[6]/C
                         clock pessimism             -0.374     4.667    
    SLICE_X153Y117       FDSE (Hold_fdse_C_D)         0.047     4.714    seq_reg[6]
  -------------------------------------------------------------------
                         required time                         -4.714    
                         arrival time                           4.903    
  -------------------------------------------------------------------
                         slack                                  0.189    

Slack (MET) :             0.191ns  (arrival time - required time)
  Source:                 seq_reg[6]/C
                            (rising edge-triggered cell FDSE clocked by sys_clk_n'  {rise@0.000ns fall@2.500ns period=5.000ns})
  Destination:            seq_reg[7]/D
                            (rising edge-triggered cell FDRE clocked by sys_clk_n'  {rise@0.000ns fall@2.500ns period=5.000ns})
  Path Group:             sys_clk_n
  Path Type:              Hold (Min at Fast Process Corner)
  Requirement:            0.000ns  (sys_clk_n fall@2.500ns - sys_clk_n fall@2.500ns)
  Data Path Delay:        0.197ns  (logic 0.091ns (46.112%)  route 0.106ns (53.888%))
  Logic Levels:           0  
  Clock Path Skew:        0.000ns (DCD - SCD - CPR)
    Destination Clock Delay (DCD):    2.542ns = ( 5.042 - 2.500 ) 
    Source Clock Delay      (SCD):    2.167ns = ( 4.667 - 2.500 ) 
    Clock Pessimism Removal (CPR):    0.374ns

    Location             Delay type                Incr(ns)  Path(ns)    Netlist Resource(s)
  -------------------------------------------------------------------    -------------------
                         (clock sys_clk_n fall edge)
                                                      2.500     2.500 f  
    AD11                                              0.000     2.500 f  sys_clk_n (IN)
                         net (fo=0)                   0.000     2.500    sys_clk_n
    AD12                 IBUFDS (Prop_ibufds_IB_O)    0.388     2.888 r  CLK_U/O
                         net (fo=1, routed)           1.083     3.971    clk
    BUFGCTRL_X0Y0        BUFG (Prop_bufg_I_O)         0.026     3.997 r  clk_BUFG_inst/O
                         net (fo=21, routed)          0.670     4.667    clk_BUFG
    SLICE_X153Y117       FDSE                                         r  seq_reg[6]/C
  -------------------------------------------------------------------    -------------------
    SLICE_X153Y117       FDSE (Prop_fdse_C_Q)         0.091     4.758 r  seq_reg[6]/Q
                         net (fo=1, routed)           0.106     4.865    seq_reg_n_0_[6]
    SLICE_X153Y117       FDRE                                         r  seq_reg[7]/D
  -------------------------------------------------------------------    -------------------

                         (clock sys_clk_n fall edge)
                                                      2.500     2.500 f  
    AD11                                              0.000     2.500 f  sys_clk_n (IN)
                         net (fo=0)                   0.000     2.500    sys_clk_n
    AD12                 IBUFDS (Prop_ibufds_IB_O)    0.470     2.970 r  CLK_U/O
                         net (fo=1, routed)           1.154     4.124    clk
    BUFGCTRL_X0Y0        BUFG (Prop_bufg_I_O)         0.030     4.154 r  clk_BUFG_inst/O
                         net (fo=21, routed)          0.888     5.042    clk_BUFG
    SLICE_X153Y117       FDRE                                         r  seq_reg[7]/C
                         clock pessimism             -0.374     4.667    
    SLICE_X153Y117       FDRE (Hold_fdre_C_D)         0.006     4.673    seq_reg[7]
  -------------------------------------------------------------------
                         required time                         -4.673    
                         arrival time                           4.865    
  -------------------------------------------------------------------
                         slack                                  0.191    

Slack (MET) :             0.203ns  (arrival time - required time)
  Source:                 dut/seq_reg_reg[3]/C
                            (rising edge-triggered cell FDRE clocked by sys_clk_n'  {rise@0.000ns fall@2.500ns period=5.000ns})
  Destination:            seq_reg[4]/D
                            (rising edge-triggered cell FDSE clocked by sys_clk_n'  {rise@0.000ns fall@2.500ns period=5.000ns})
  Path Group:             sys_clk_n
  Path Type:              Hold (Min at Fast Process Corner)
  Requirement:            0.000ns  (sys_clk_n fall@2.500ns - sys_clk_n fall@2.500ns)
  Data Path Delay:        0.216ns  (logic 0.107ns (49.458%)  route 0.109ns (50.542%))
  Logic Levels:           0  
  Clock Path Skew:        0.011ns (DCD - SCD - CPR)
    Destination Clock Delay (DCD):    2.542ns = ( 5.042 - 2.500 ) 
    Source Clock Delay      (SCD):    2.168ns = ( 4.668 - 2.500 ) 
    Clock Pessimism Removal (CPR):    0.362ns

    Location             Delay type                Incr(ns)  Path(ns)    Netlist Resource(s)
  -------------------------------------------------------------------    -------------------
                         (clock sys_clk_n fall edge)
                                                      2.500     2.500 f  
    AD11                                              0.000     2.500 f  sys_clk_n (IN)
                         net (fo=0)                   0.000     2.500    sys_clk_n
    AD12                 IBUFDS (Prop_ibufds_IB_O)    0.388     2.888 r  CLK_U/O
                         net (fo=1, routed)           1.083     3.971    clk
    BUFGCTRL_X0Y0        BUFG (Prop_bufg_I_O)         0.026     3.997 r  clk_BUFG_inst/O
                         net (fo=21, routed)          0.671     4.668    dut/CLK
    SLICE_X152Y116       FDRE                                         r  dut/seq_reg_reg[3]/C
  -------------------------------------------------------------------    -------------------
    SLICE_X152Y116       FDRE (Prop_fdre_C_Q)         0.107     4.775 r  dut/seq_reg_reg[3]/Q
                         net (fo=3, routed)           0.109     4.885    seq_reg[3]
    SLICE_X152Y117       FDSE                                         r  seq_reg[4]/D
  -------------------------------------------------------------------    -------------------

                         (clock sys_clk_n fall edge)
                                                      2.500     2.500 f  
    AD11                                              0.000     2.500 f  sys_clk_n (IN)
                         net (fo=0)                   0.000     2.500    sys_clk_n
    AD12                 IBUFDS (Prop_ibufds_IB_O)    0.470     2.970 r  CLK_U/O
                         net (fo=1, routed)           1.154     4.124    clk
    BUFGCTRL_X0Y0        BUFG (Prop_bufg_I_O)         0.030     4.154 r  clk_BUFG_inst/O
                         net (fo=21, routed)          0.888     5.042    clk_BUFG
    SLICE_X152Y117       FDSE                                         r  seq_reg[4]/C
                         clock pessimism             -0.362     4.679    
    SLICE_X152Y117       FDSE (Hold_fdse_C_D)         0.002     4.681    seq_reg[4]
  -------------------------------------------------------------------
                         required time                         -4.681    
                         arrival time                           4.885    
  -------------------------------------------------------------------
                         slack                                  0.203    

Slack (MET) :             0.220ns  (arrival time - required time)
  Source:                 seq_reg[11]/C
                            (rising edge-triggered cell FDRE clocked by sys_clk_n'  {rise@0.000ns fall@2.500ns period=5.000ns})
  Destination:            seq_reg[12]/D
                            (rising edge-triggered cell FDRE clocked by sys_clk_n'  {rise@0.000ns fall@2.500ns period=5.000ns})
  Path Group:             sys_clk_n
  Path Type:              Hold (Min at Fast Process Corner)
  Requirement:            0.000ns  (sys_clk_n fall@2.500ns - sys_clk_n fall@2.500ns)
  Data Path Delay:        0.263ns  (logic 0.118ns (44.879%)  route 0.145ns (55.121%))
  Logic Levels:           0  
  Clock Path Skew:        0.011ns (DCD - SCD - CPR)
    Destination Clock Delay (DCD):    2.542ns = ( 5.042 - 2.500 ) 
    Source Clock Delay      (SCD):    2.167ns = ( 4.667 - 2.500 ) 
    Clock Pessimism Removal (CPR):    0.363ns

    Location             Delay type                Incr(ns)  Path(ns)    Netlist Resource(s)
  -------------------------------------------------------------------    -------------------
                         (clock sys_clk_n fall edge)
                                                      2.500     2.500 f  
    AD11                                              0.000     2.500 f  sys_clk_n (IN)
                         net (fo=0)                   0.000     2.500    sys_clk_n
    AD12                 IBUFDS (Prop_ibufds_IB_O)    0.388     2.888 r  CLK_U/O
                         net (fo=1, routed)           1.083     3.971    clk
    BUFGCTRL_X0Y0        BUFG (Prop_bufg_I_O)         0.026     3.997 r  clk_BUFG_inst/O
                         net (fo=21, routed)          0.670     4.667    clk_BUFG
    SLICE_X152Y117       FDRE                                         r  seq_reg[11]/C
  -------------------------------------------------------------------    -------------------
    SLICE_X152Y117       FDRE (Prop_fdre_C_Q)         0.118     4.785 r  seq_reg[11]/Q
                         net (fo=1, routed)           0.145     4.930    seq_reg_n_0_[11]
    SLICE_X153Y117       FDRE                                         r  seq_reg[12]/D
  -------------------------------------------------------------------    -------------------

                         (clock sys_clk_n fall edge)
                                                      2.500     2.500 f  
    AD11                                              0.000     2.500 f  sys_clk_n (IN)
                         net (fo=0)                   0.000     2.500    sys_clk_n
    AD12                 IBUFDS (Prop_ibufds_IB_O)    0.470     2.970 r  CLK_U/O
                         net (fo=1, routed)           1.154     4.124    clk
    BUFGCTRL_X0Y0        BUFG (Prop_bufg_I_O)         0.030     4.154 r  clk_BUFG_inst/O
                         net (fo=21, routed)          0.888     5.042    clk_BUFG
    SLICE_X153Y117       FDRE                                         r  seq_reg[12]/C
                         clock pessimism             -0.363     4.678    
    SLICE_X153Y117       FDRE (Hold_fdre_C_D)         0.032     4.710    seq_reg[12]
  -------------------------------------------------------------------
                         required time                         -4.710    
                         arrival time                           4.930    
  -------------------------------------------------------------------
                         slack                                  0.220    

Slack (MET) :             0.226ns  (arrival time - required time)
  Source:                 seq_reg[17]/C
                            (rising edge-triggered cell FDRE clocked by sys_clk_n'  {rise@0.000ns fall@2.500ns period=5.000ns})
  Destination:            dut/seq_reg_reg[0]/D
                            (rising edge-triggered cell FDRE clocked by sys_clk_n'  {rise@0.000ns fall@2.500ns period=5.000ns})
  Path Group:             sys_clk_n
  Path Type:              Hold (Min at Fast Process Corner)
  Requirement:            0.000ns  (sys_clk_n fall@2.500ns - sys_clk_n fall@2.500ns)
  Data Path Delay:        0.243ns  (logic 0.107ns (44.117%)  route 0.136ns (55.883%))
  Logic Levels:           0  
  Clock Path Skew:        0.013ns (DCD - SCD - CPR)
    Destination Clock Delay (DCD):    2.543ns = ( 5.043 - 2.500 ) 
    Source Clock Delay      (SCD):    2.167ns = ( 4.667 - 2.500 ) 
    Clock Pessimism Removal (CPR):    0.362ns

    Location             Delay type                Incr(ns)  Path(ns)    Netlist Resource(s)
  -------------------------------------------------------------------    -------------------
                         (clock sys_clk_n fall edge)
                                                      2.500     2.500 f  
    AD11                                              0.000     2.500 f  sys_clk_n (IN)
                         net (fo=0)                   0.000     2.500    sys_clk_n
    AD12                 IBUFDS (Prop_ibufds_IB_O)    0.388     2.888 r  CLK_U/O
                         net (fo=1, routed)           1.083     3.971    clk
    BUFGCTRL_X0Y0        BUFG (Prop_bufg_I_O)         0.026     3.997 r  clk_BUFG_inst/O
                         net (fo=21, routed)          0.670     4.667    clk_BUFG
    SLICE_X152Y117       FDRE                                         r  seq_reg[17]/C
  -------------------------------------------------------------------    -------------------
    SLICE_X152Y117       FDRE (Prop_fdre_C_Q)         0.107     4.774 r  seq_reg[17]/Q
                         net (fo=1, routed)           0.136     4.910    dut/Q[0]
    SLICE_X153Y116       FDRE                                         r  dut/seq_reg_reg[0]/D
  -------------------------------------------------------------------    -------------------

                         (clock sys_clk_n fall edge)
                                                      2.500     2.500 f  
    AD11                                              0.000     2.500 f  sys_clk_n (IN)
                         net (fo=0)                   0.000     2.500    sys_clk_n
    AD12                 IBUFDS (Prop_ibufds_IB_O)    0.470     2.970 r  CLK_U/O
                         net (fo=1, routed)           1.154     4.124    clk
    BUFGCTRL_X0Y0        BUFG (Prop_bufg_I_O)         0.030     4.154 r  clk_BUFG_inst/O
                         net (fo=21, routed)          0.889     5.043    dut/CLK
    SLICE_X153Y116       FDRE                                         r  dut/seq_reg_reg[0]/C
                         clock pessimism             -0.362     4.680    
    SLICE_X153Y116       FDRE (Hold_fdre_C_D)         0.004     4.684    dut/seq_reg_reg[0]
  -------------------------------------------------------------------
                         required time                         -4.684    
                         arrival time                           4.910    
  -------------------------------------------------------------------
                         slack                                  0.226    

Slack (MET) :             0.230ns  (arrival time - required time)
  Source:                 dut/seq_reg_reg[4]/C
                            (rising edge-triggered cell FDRE clocked by sys_clk_n'  {rise@0.000ns fall@2.500ns period=5.000ns})
  Destination:            dut/seq_reg_reg[5]/D
                            (rising edge-triggered cell FDRE clocked by sys_clk_n'  {rise@0.000ns fall@2.500ns period=5.000ns})
  Path Group:             sys_clk_n
  Path Type:              Hold (Min at Fast Process Corner)
  Requirement:            0.000ns  (sys_clk_n fall@2.500ns - sys_clk_n fall@2.500ns)
  Data Path Delay:        0.270ns  (logic 0.118ns (43.654%)  route 0.152ns (56.346%))
  Logic Levels:           0  
  Clock Path Skew:        0.000ns (DCD - SCD - CPR)
    Destination Clock Delay (DCD):    2.543ns = ( 5.043 - 2.500 ) 
    Source Clock Delay      (SCD):    2.168ns = ( 4.668 - 2.500 ) 
    Clock Pessimism Removal (CPR):    0.374ns

    Location             Delay type                Incr(ns)  Path(ns)    Netlist Resource(s)
  -------------------------------------------------------------------    -------------------
                         (clock sys_clk_n fall edge)
                                                      2.500     2.500 f  
    AD11                                              0.000     2.500 f  sys_clk_n (IN)
                         net (fo=0)                   0.000     2.500    sys_clk_n
    AD12                 IBUFDS (Prop_ibufds_IB_O)    0.388     2.888 r  CLK_U/O
                         net (fo=1, routed)           1.083     3.971    clk
    BUFGCTRL_X0Y0        BUFG (Prop_bufg_I_O)         0.026     3.997 r  clk_BUFG_inst/O
                         net (fo=21, routed)          0.671     4.668    dut/CLK
    SLICE_X152Y116       FDRE                                         r  dut/seq_reg_reg[4]/C
  -------------------------------------------------------------------    -------------------
    SLICE_X152Y116       FDRE (Prop_fdre_C_Q)         0.118     4.786 r  dut/seq_reg_reg[4]/Q
                         net (fo=2, routed)           0.152     4.939    dut/seq_reg[4]
    SLICE_X152Y116       FDRE                                         r  dut/seq_reg_reg[5]/D
  -------------------------------------------------------------------    -------------------

                         (clock sys_clk_n fall edge)
                                                      2.500     2.500 f  
    AD11                                              0.000     2.500 f  sys_clk_n (IN)
                         net (fo=0)                   0.000     2.500    sys_clk_n
    AD12                 IBUFDS (Prop_ibufds_IB_O)    0.470     2.970 r  CLK_U/O
                         net (fo=1, routed)           1.154     4.124    clk
    BUFGCTRL_X0Y0        BUFG (Prop_bufg_I_O)         0.030     4.154 r  clk_BUFG_inst/O
                         net (fo=21, routed)          0.889     5.043    dut/CLK
    SLICE_X152Y116       FDRE                                         r  dut/seq_reg_reg[5]/C
                         clock pessimism             -0.374     4.668    
    SLICE_X152Y116       FDRE (Hold_fdre_C_D)         0.040     4.708    dut/seq_reg_reg[5]
  -------------------------------------------------------------------
                         required time                         -4.708    
                         arrival time                           4.939    
  -------------------------------------------------------------------
                         slack                                  0.230    

Slack (MET) :             0.230ns  (arrival time - required time)
  Source:                 dut/seq_reg_reg[3]/C
                            (rising edge-triggered cell FDRE clocked by sys_clk_n'  {rise@0.000ns fall@2.500ns period=5.000ns})
  Destination:            dut/seq_reg_reg[4]/D
                            (rising edge-triggered cell FDRE clocked by sys_clk_n'  {rise@0.000ns fall@2.500ns period=5.000ns})
  Path Group:             sys_clk_n
  Path Type:              Hold (Min at Fast Process Corner)
  Requirement:            0.000ns  (sys_clk_n fall@2.500ns - sys_clk_n fall@2.500ns)
  Data Path Delay:        0.226ns  (logic 0.107ns (47.255%)  route 0.119ns (52.745%))
  Logic Levels:           0  
  Clock Path Skew:        0.000ns (DCD - SCD - CPR)
    Destination Clock Delay (DCD):    2.543ns = ( 5.043 - 2.500 ) 
    Source Clock Delay      (SCD):    2.168ns = ( 4.668 - 2.500 ) 
    Clock Pessimism Removal (CPR):    0.374ns

    Location             Delay type                Incr(ns)  Path(ns)    Netlist Resource(s)
  -------------------------------------------------------------------    -------------------
                         (clock sys_clk_n fall edge)
                                                      2.500     2.500 f  
    AD11                                              0.000     2.500 f  sys_clk_n (IN)
                         net (fo=0)                   0.000     2.500    sys_clk_n
    AD12                 IBUFDS (Prop_ibufds_IB_O)    0.388     2.888 r  CLK_U/O
                         net (fo=1, routed)           1.083     3.971    clk
    BUFGCTRL_X0Y0        BUFG (Prop_bufg_I_O)         0.026     3.997 r  clk_BUFG_inst/O
                         net (fo=21, routed)          0.671     4.668    dut/CLK
    SLICE_X152Y116       FDRE                                         r  dut/seq_reg_reg[3]/C
  -------------------------------------------------------------------    -------------------
    SLICE_X152Y116       FDRE (Prop_fdre_C_Q)         0.107     4.775 r  dut/seq_reg_reg[3]/Q
                         net (fo=3, routed)           0.119     4.895    dut/D[0]
    SLICE_X152Y116       FDRE                                         r  dut/seq_reg_reg[4]/D
  -------------------------------------------------------------------    -------------------

                         (clock sys_clk_n fall edge)
                                                      2.500     2.500 f  
    AD11                                              0.000     2.500 f  sys_clk_n (IN)
                         net (fo=0)                   0.000     2.500    sys_clk_n
    AD12                 IBUFDS (Prop_ibufds_IB_O)    0.470     2.970 r  CLK_U/O
                         net (fo=1, routed)           1.154     4.124    clk
    BUFGCTRL_X0Y0        BUFG (Prop_bufg_I_O)         0.030     4.154 r  clk_BUFG_inst/O
                         net (fo=21, routed)          0.889     5.043    dut/CLK
    SLICE_X152Y116       FDRE                                         r  dut/seq_reg_reg[4]/C
                         clock pessimism             -0.374     4.668    
    SLICE_X152Y116       FDRE (Hold_fdre_C_D)        -0.004     4.664    dut/seq_reg_reg[4]
  -------------------------------------------------------------------
                         required time                         -4.664    
                         arrival time                           4.895    
  -------------------------------------------------------------------
                         slack                                  0.230    





Pulse Width Checks
--------------------------------------------------------------------------------------
Clock Name:         sys_clk_n
Waveform(ns):       { 0.000 2.500 }
Period(ns):         5.000
Sources:            { sys_clk_n }

Check Type        Corner  Lib Pin  Reference Pin  Required(ns)  Actual(ns)  Slack(ns)  Location        Pin
Min Period        n/a     BUFG/I   n/a            1.408         5.000       3.591      BUFGCTRL_X0Y0   clk_BUFG_inst/I
Min Period        n/a     FDRE/C   n/a            0.750         5.000       4.250      SLICE_X152Y117  seq_reg[17]/C
Min Period        n/a     FDSE/C   n/a            0.750         5.000       4.250      SLICE_X152Y117  seq_reg[4]/C
Min Period        n/a     FDSE/C   n/a            0.750         5.000       4.250      SLICE_X153Y117  seq_reg[6]/C
Min Period        n/a     FDRE/C   n/a            0.750         5.000       4.250      SLICE_X153Y117  seq_reg[7]/C
Min Period        n/a     FDSE/C   n/a            0.750         5.000       4.250      SLICE_X153Y117  seq_reg[8]/C
Min Period        n/a     FDSE/C   n/a            0.750         5.000       4.250      SLICE_X153Y117  seq_reg[9]/C
Min Period        n/a     FDRE/C   n/a            0.750         5.000       4.250      SLICE_X152Y116  dut/seq_reg_reg[3]/C
Min Period        n/a     FDRE/C   n/a            0.700         5.000       4.300      SLICE_X152Y117  seq_reg[10]/C
Min Period        n/a     FDRE/C   n/a            0.700         5.000       4.300      SLICE_X152Y117  seq_reg[11]/C
Low Pulse Width   Slow    FDRE/C   n/a            0.400         2.500       2.100      SLICE_X152Y117  seq_reg[17]/C
Low Pulse Width   Fast    FDRE/C   n/a            0.400         2.500       2.100      SLICE_X152Y117  seq_reg[17]/C
Low Pulse Width   Slow    FDSE/C   n/a            0.400         2.500       2.100      SLICE_X152Y117  seq_reg[4]/C
Low Pulse Width   Fast    FDSE/C   n/a            0.400         2.500       2.100      SLICE_X152Y117  seq_reg[4]/C
Low Pulse Width   Slow    FDSE/C   n/a            0.400         2.500       2.100      SLICE_X153Y117  seq_reg[6]/C
Low Pulse Width   Fast    FDSE/C   n/a            0.400         2.500       2.100      SLICE_X153Y117  seq_reg[6]/C
Low Pulse Width   Slow    FDRE/C   n/a            0.400         2.500       2.100      SLICE_X153Y117  seq_reg[7]/C
Low Pulse Width   Fast    FDRE/C   n/a            0.400         2.500       2.100      SLICE_X153Y117  seq_reg[7]/C
Low Pulse Width   Slow    FDSE/C   n/a            0.400         2.500       2.100      SLICE_X153Y117  seq_reg[8]/C
Low Pulse Width   Fast    FDSE/C   n/a            0.400         2.500       2.100      SLICE_X153Y117  seq_reg[8]/C
High Pulse Width  Slow    FDRE/C   n/a            0.350         2.500       2.150      SLICE_X152Y117  seq_reg[10]/C
High Pulse Width  Fast    FDRE/C   n/a            0.350         2.500       2.150      SLICE_X152Y117  seq_reg[10]/C
High Pulse Width  Slow    FDRE/C   n/a            0.350         2.500       2.150      SLICE_X152Y117  seq_reg[11]/C
High Pulse Width  Fast    FDRE/C   n/a            0.350         2.500       2.150      SLICE_X152Y117  seq_reg[11]/C
High Pulse Width  Slow    FDRE/C   n/a            0.350         2.500       2.150      SLICE_X153Y117  seq_reg[12]/C
High Pulse Width  Fast    FDRE/C   n/a            0.350         2.500       2.150      SLICE_X153Y117  seq_reg[12]/C
High Pulse Width  Slow    FDSE/C   n/a            0.350         2.500       2.150      SLICE_X153Y117  seq_reg[13]/C
High Pulse Width  Fast    FDSE/C   n/a            0.350         2.500       2.150      SLICE_X153Y117  seq_reg[13]/C
High Pulse Width  Slow    FDSE/C   n/a            0.350         2.500       2.150      SLICE_X153Y117  seq_reg[14]/C
High Pulse Width  Fast    FDSE/C   n/a            0.350         2.500       2.150      SLICE_X153Y117  seq_reg[14]/C



--------------------------------------------------------------------------------------
Path Group:  (none)
From Clock:  sys_clk_n
  To Clock:  

Max Delay             1 Endpoint
Min Delay             1 Endpoint
--------------------------------------------------------------------------------------


Max Delay Paths
--------------------------------------------------------------------------------------
Slack:                    inf
  Source:                 dut/is_seq_reg/C
                            (rising edge-triggered cell FDRE clocked by sys_clk_n'  {rise@0.000ns fall@2.500ns period=5.000ns})
  Destination:            result
                            (output port)
  Path Group:             (none)
  Path Type:              Max at Slow Process Corner
  Data Path Delay:        4.962ns  (logic 2.225ns (44.847%)  route 2.737ns (55.153%))
  Logic Levels:           1  (OBUF=1)
  Clock Uncertainty:      0.025ns  ((TSJ^2 + TIJ^2)^1/2 + DJ) / 2 + PE
    Total System Jitter     (TSJ):    0.050ns
    Total Input Jitter      (TIJ):    0.000ns
    Discrete Jitter          (DJ):    0.000ns
    Phase Error              (PE):    0.000ns

    Location             Delay type                Incr(ns)  Path(ns)    Netlist Resource(s)
  -------------------------------------------------------------------    -------------------
                         (clock sys_clk_n fall edge)
                                                      2.500     2.500 f  
    AD11                                              0.000     2.500 f  sys_clk_n (IN)
                         net (fo=0)                   0.000     2.500    sys_clk_n
    AD12                 IBUFDS (Prop_ibufds_IB_O)    0.906     3.406 r  CLK_U/O
                         net (fo=1, routed)           2.299     5.705    clk
    BUFGCTRL_X0Y0        BUFG (Prop_bufg_I_O)         0.093     5.798 r  clk_BUFG_inst/O
                         net (fo=21, routed)          1.520     7.318    dut/CLK
    SLICE_X152Y116       FDRE                                         r  dut/is_seq_reg/C
  -------------------------------------------------------------------    -------------------
    SLICE_X152Y116       FDRE (Prop_fdre_C_Q)         0.259     7.577 r  dut/is_seq_reg/Q
                         net (fo=1, routed)           2.737    10.313    result_OBUF
    AD13                 OBUF (Prop_obuf_I_O)         1.966    12.280 r  result_OBUF_inst/O
                         net (fo=0)                   0.000    12.280    result
    AD13                                                              r  result (OUT)
  -------------------------------------------------------------------    -------------------





Min Delay Paths
--------------------------------------------------------------------------------------
Slack:                    inf
  Source:                 dut/is_seq_reg/C
                            (rising edge-triggered cell FDRE clocked by sys_clk_n'  {rise@0.000ns fall@2.500ns period=5.000ns})
  Destination:            result
                            (output port)
  Path Group:             (none)
  Path Type:              Min at Fast Process Corner
  Data Path Delay:        2.389ns  (logic 1.178ns (49.289%)  route 1.212ns (50.711%))
  Logic Levels:           1  (OBUF=1)
  Clock Uncertainty:      0.025ns  ((TSJ^2 + TIJ^2)^1/2 + DJ) / 2 + PE
    Total System Jitter     (TSJ):    0.050ns
    Total Input Jitter      (TIJ):    0.000ns
    Discrete Jitter          (DJ):    0.000ns
    Phase Error              (PE):    0.000ns

    Location             Delay type                Incr(ns)  Path(ns)    Netlist Resource(s)
  -------------------------------------------------------------------    -------------------
                         (clock sys_clk_n fall edge)
                                                      2.500     2.500 f  
    AD11                                              0.000     2.500 f  sys_clk_n (IN)
                         net (fo=0)                   0.000     2.500    sys_clk_n
    AD12                 IBUFDS (Prop_ibufds_IB_O)    0.388     2.888 r  CLK_U/O
                         net (fo=1, routed)           1.083     3.971    clk
    BUFGCTRL_X0Y0        BUFG (Prop_bufg_I_O)         0.026     3.997 r  clk_BUFG_inst/O
                         net (fo=21, routed)          0.671     4.668    dut/CLK
    SLICE_X152Y116       FDRE                                         r  dut/is_seq_reg/C
  -------------------------------------------------------------------    -------------------
    SLICE_X152Y116       FDRE (Prop_fdre_C_Q)         0.118     4.786 r  dut/is_seq_reg/Q
                         net (fo=1, routed)           1.212     5.998    result_OBUF
    AD13                 OBUF (Prop_obuf_I_O)         1.060     7.058 r  result_OBUF_inst/O
                         net (fo=0)                   0.000     7.058    result
    AD13                                                              r  result (OUT)
  -------------------------------------------------------------------    -------------------





--------------------------------------------------------------------------------------
Path Group:  (none)
From Clock:  
  To Clock:  sys_clk_n

Max Delay            21 Endpoints
Min Delay            21 Endpoints
--------------------------------------------------------------------------------------


Max Delay Paths
--------------------------------------------------------------------------------------
Slack:                    inf
  Source:                 rst
                            (input port)
  Destination:            dut/is_seq_reg/R
                            (rising edge-triggered cell FDRE clocked by sys_clk_n'  {rise@0.000ns fall@2.500ns period=5.000ns})
  Path Group:             (none)
  Path Type:              Setup (Max at Slow Process Corner)
  Data Path Delay:        1.721ns  (logic 0.751ns (43.631%)  route 0.970ns (56.369%))
  Logic Levels:           1  (IBUF=1)
  Clock Path Skew:        4.445ns (DCD - SCD + CPR)
    Destination Clock Delay (DCD):    4.445ns = ( 6.945 - 2.500 ) 
    Source Clock Delay      (SCD):    0.000ns
    Clock Pessimism Removal (CPR):    0.000ns
  Clock Uncertainty:      0.025ns  ((TSJ^2 + TIJ^2)^1/2 + DJ) / 2 + PE
    Total System Jitter     (TSJ):    0.050ns
    Total Input Jitter      (TIJ):    0.000ns
    Discrete Jitter          (DJ):    0.000ns
    Phase Error              (PE):    0.000ns

    Location             Delay type                Incr(ns)  Path(ns)    Netlist Resource(s)
  -------------------------------------------------------------------    -------------------
    AG5                                               0.000     0.000 r  rst (IN)
                         net (fo=0)                   0.000     0.000    rst
    AG5                  IBUF (Prop_ibuf_I_O)         0.751     0.751 r  rst_IBUF_inst/O
                         net (fo=21, routed)          0.970     1.721    dut/rst_IBUF
    SLICE_X152Y116       FDRE                                         r  dut/is_seq_reg/R
  -------------------------------------------------------------------    -------------------

                         (clock sys_clk_n fall edge)
                                                      2.500     2.500 f  
    AD11                                              0.000     2.500 f  sys_clk_n (IN)
                         net (fo=0)                   0.000     2.500    sys_clk_n
    AD12                 IBUFDS (Prop_ibufds_IB_O)    0.803     3.303 r  CLK_U/O
                         net (fo=1, routed)           2.173     5.476    clk
    BUFGCTRL_X0Y0        BUFG (Prop_bufg_I_O)         0.083     5.559 r  clk_BUFG_inst/O
                         net (fo=21, routed)          1.386     6.945    dut/CLK
    SLICE_X152Y116       FDRE                                         r  dut/is_seq_reg/C

Slack:                    inf
  Source:                 rst
                            (input port)
  Destination:            dut/seq_reg_reg[0]/R
                            (rising edge-triggered cell FDRE clocked by sys_clk_n'  {rise@0.000ns fall@2.500ns period=5.000ns})
  Path Group:             (none)
  Path Type:              Setup (Max at Slow Process Corner)
  Data Path Delay:        1.721ns  (logic 0.751ns (43.631%)  route 0.970ns (56.369%))
  Logic Levels:           1  (IBUF=1)
  Clock Path Skew:        4.445ns (DCD - SCD + CPR)
    Destination Clock Delay (DCD):    4.445ns = ( 6.945 - 2.500 ) 
    Source Clock Delay      (SCD):    0.000ns
    Clock Pessimism Removal (CPR):    0.000ns
  Clock Uncertainty:      0.025ns  ((TSJ^2 + TIJ^2)^1/2 + DJ) / 2 + PE
    Total System Jitter     (TSJ):    0.050ns
    Total Input Jitter      (TIJ):    0.000ns
    Discrete Jitter          (DJ):    0.000ns
    Phase Error              (PE):    0.000ns

    Location             Delay type                Incr(ns)  Path(ns)    Netlist Resource(s)
  -------------------------------------------------------------------    -------------------
    AG5                                               0.000     0.000 r  rst (IN)
                         net (fo=0)                   0.000     0.000    rst
    AG5                  IBUF (Prop_ibuf_I_O)         0.751     0.751 r  rst_IBUF_inst/O
                         net (fo=21, routed)          0.970     1.721    dut/rst_IBUF
    SLICE_X153Y116       FDRE                                         r  dut/seq_reg_reg[0]/R
  -------------------------------------------------------------------    -------------------

                         (clock sys_clk_n fall edge)
                                                      2.500     2.500 f  
    AD11                                              0.000     2.500 f  sys_clk_n (IN)
                         net (fo=0)                   0.000     2.500    sys_clk_n
    AD12                 IBUFDS (Prop_ibufds_IB_O)    0.803     3.303 r  CLK_U/O
                         net (fo=1, routed)           2.173     5.476    clk
    BUFGCTRL_X0Y0        BUFG (Prop_bufg_I_O)         0.083     5.559 r  clk_BUFG_inst/O
                         net (fo=21, routed)          1.386     6.945    dut/CLK
    SLICE_X153Y116       FDRE                                         r  dut/seq_reg_reg[0]/C

Slack:                    inf
  Source:                 rst
                            (input port)
  Destination:            dut/seq_reg_reg[1]/R
                            (rising edge-triggered cell FDRE clocked by sys_clk_n'  {rise@0.000ns fall@2.500ns period=5.000ns})
  Path Group:             (none)
  Path Type:              Setup (Max at Slow Process Corner)
  Data Path Delay:        1.721ns  (logic 0.751ns (43.631%)  route 0.970ns (56.369%))
  Logic Levels:           1  (IBUF=1)
  Clock Path Skew:        4.445ns (DCD - SCD + CPR)
    Destination Clock Delay (DCD):    4.445ns = ( 6.945 - 2.500 ) 
    Source Clock Delay      (SCD):    0.000ns
    Clock Pessimism Removal (CPR):    0.000ns
  Clock Uncertainty:      0.025ns  ((TSJ^2 + TIJ^2)^1/2 + DJ) / 2 + PE
    Total System Jitter     (TSJ):    0.050ns
    Total Input Jitter      (TIJ):    0.000ns
    Discrete Jitter          (DJ):    0.000ns
    Phase Error              (PE):    0.000ns

    Location             Delay type                Incr(ns)  Path(ns)    Netlist Resource(s)
  -------------------------------------------------------------------    -------------------
    AG5                                               0.000     0.000 r  rst (IN)
                         net (fo=0)                   0.000     0.000    rst
    AG5                  IBUF (Prop_ibuf_I_O)         0.751     0.751 r  rst_IBUF_inst/O
                         net (fo=21, routed)          0.970     1.721    dut/rst_IBUF
    SLICE_X153Y116       FDRE                                         r  dut/seq_reg_reg[1]/R
  -------------------------------------------------------------------    -------------------

                         (clock sys_clk_n fall edge)
                                                      2.500     2.500 f  
    AD11                                              0.000     2.500 f  sys_clk_n (IN)
                         net (fo=0)                   0.000     2.500    sys_clk_n
    AD12                 IBUFDS (Prop_ibufds_IB_O)    0.803     3.303 r  CLK_U/O
                         net (fo=1, routed)           2.173     5.476    clk
    BUFGCTRL_X0Y0        BUFG (Prop_bufg_I_O)         0.083     5.559 r  clk_BUFG_inst/O
                         net (fo=21, routed)          1.386     6.945    dut/CLK
    SLICE_X153Y116       FDRE                                         r  dut/seq_reg_reg[1]/C

Slack:                    inf
  Source:                 rst
                            (input port)
  Destination:            dut/seq_reg_reg[2]/R
                            (rising edge-triggered cell FDRE clocked by sys_clk_n'  {rise@0.000ns fall@2.500ns period=5.000ns})
  Path Group:             (none)
  Path Type:              Setup (Max at Slow Process Corner)
  Data Path Delay:        1.721ns  (logic 0.751ns (43.631%)  route 0.970ns (56.369%))
  Logic Levels:           1  (IBUF=1)
  Clock Path Skew:        4.445ns (DCD - SCD + CPR)
    Destination Clock Delay (DCD):    4.445ns = ( 6.945 - 2.500 ) 
    Source Clock Delay      (SCD):    0.000ns
    Clock Pessimism Removal (CPR):    0.000ns
  Clock Uncertainty:      0.025ns  ((TSJ^2 + TIJ^2)^1/2 + DJ) / 2 + PE
    Total System Jitter     (TSJ):    0.050ns
    Total Input Jitter      (TIJ):    0.000ns
    Discrete Jitter          (DJ):    0.000ns
    Phase Error              (PE):    0.000ns

    Location             Delay type                Incr(ns)  Path(ns)    Netlist Resource(s)
  -------------------------------------------------------------------    -------------------
    AG5                                               0.000     0.000 r  rst (IN)
                         net (fo=0)                   0.000     0.000    rst
    AG5                  IBUF (Prop_ibuf_I_O)         0.751     0.751 r  rst_IBUF_inst/O
                         net (fo=21, routed)          0.970     1.721    dut/rst_IBUF
    SLICE_X153Y116       FDRE                                         r  dut/seq_reg_reg[2]/R
  -------------------------------------------------------------------    -------------------

                         (clock sys_clk_n fall edge)
                                                      2.500     2.500 f  
    AD11                                              0.000     2.500 f  sys_clk_n (IN)
                         net (fo=0)                   0.000     2.500    sys_clk_n
    AD12                 IBUFDS (Prop_ibufds_IB_O)    0.803     3.303 r  CLK_U/O
                         net (fo=1, routed)           2.173     5.476    clk
    BUFGCTRL_X0Y0        BUFG (Prop_bufg_I_O)         0.083     5.559 r  clk_BUFG_inst/O
                         net (fo=21, routed)          1.386     6.945    dut/CLK
    SLICE_X153Y116       FDRE                                         r  dut/seq_reg_reg[2]/C

Slack:                    inf
  Source:                 rst
                            (input port)
  Destination:            dut/seq_reg_reg[3]/R
                            (rising edge-triggered cell FDRE clocked by sys_clk_n'  {rise@0.000ns fall@2.500ns period=5.000ns})
  Path Group:             (none)
  Path Type:              Setup (Max at Slow Process Corner)
  Data Path Delay:        1.721ns  (logic 0.751ns (43.631%)  route 0.970ns (56.369%))
  Logic Levels:           1  (IBUF=1)
  Clock Path Skew:        4.445ns (DCD - SCD + CPR)
    Destination Clock Delay (DCD):    4.445ns = ( 6.945 - 2.500 ) 
    Source Clock Delay      (SCD):    0.000ns
    Clock Pessimism Removal (CPR):    0.000ns
  Clock Uncertainty:      0.025ns  ((TSJ^2 + TIJ^2)^1/2 + DJ) / 2 + PE
    Total System Jitter     (TSJ):    0.050ns
    Total Input Jitter      (TIJ):    0.000ns
    Discrete Jitter          (DJ):    0.000ns
    Phase Error              (PE):    0.000ns

    Location             Delay type                Incr(ns)  Path(ns)    Netlist Resource(s)
  -------------------------------------------------------------------    -------------------
    AG5                                               0.000     0.000 r  rst (IN)
                         net (fo=0)                   0.000     0.000    rst
    AG5                  IBUF (Prop_ibuf_I_O)         0.751     0.751 r  rst_IBUF_inst/O
                         net (fo=21, routed)          0.970     1.721    dut/rst_IBUF
    SLICE_X152Y116       FDRE                                         r  dut/seq_reg_reg[3]/R
  -------------------------------------------------------------------    -------------------

                         (clock sys_clk_n fall edge)
                                                      2.500     2.500 f  
    AD11                                              0.000     2.500 f  sys_clk_n (IN)
                         net (fo=0)                   0.000     2.500    sys_clk_n
    AD12                 IBUFDS (Prop_ibufds_IB_O)    0.803     3.303 r  CLK_U/O
                         net (fo=1, routed)           2.173     5.476    clk
    BUFGCTRL_X0Y0        BUFG (Prop_bufg_I_O)         0.083     5.559 r  clk_BUFG_inst/O
                         net (fo=21, routed)          1.386     6.945    dut/CLK
    SLICE_X152Y116       FDRE                                         r  dut/seq_reg_reg[3]/C

Slack:                    inf
  Source:                 rst
                            (input port)
  Destination:            dut/seq_reg_reg[4]/R
                            (rising edge-triggered cell FDRE clocked by sys_clk_n'  {rise@0.000ns fall@2.500ns period=5.000ns})
  Path Group:             (none)
  Path Type:              Setup (Max at Slow Process Corner)
  Data Path Delay:        1.721ns  (logic 0.751ns (43.631%)  route 0.970ns (56.369%))
  Logic Levels:           1  (IBUF=1)
  Clock Path Skew:        4.445ns (DCD - SCD + CPR)
    Destination Clock Delay (DCD):    4.445ns = ( 6.945 - 2.500 ) 
    Source Clock Delay      (SCD):    0.000ns
    Clock Pessimism Removal (CPR):    0.000ns
  Clock Uncertainty:      0.025ns  ((TSJ^2 + TIJ^2)^1/2 + DJ) / 2 + PE
    Total System Jitter     (TSJ):    0.050ns
    Total Input Jitter      (TIJ):    0.000ns
    Discrete Jitter          (DJ):    0.000ns
    Phase Error              (PE):    0.000ns

    Location             Delay type                Incr(ns)  Path(ns)    Netlist Resource(s)
  -------------------------------------------------------------------    -------------------
    AG5                                               0.000     0.000 r  rst (IN)
                         net (fo=0)                   0.000     0.000    rst
    AG5                  IBUF (Prop_ibuf_I_O)         0.751     0.751 r  rst_IBUF_inst/O
                         net (fo=21, routed)          0.970     1.721    dut/rst_IBUF
    SLICE_X152Y116       FDRE                                         r  dut/seq_reg_reg[4]/R
  -------------------------------------------------------------------    -------------------

                         (clock sys_clk_n fall edge)
                                                      2.500     2.500 f  
    AD11                                              0.000     2.500 f  sys_clk_n (IN)
                         net (fo=0)                   0.000     2.500    sys_clk_n
    AD12                 IBUFDS (Prop_ibufds_IB_O)    0.803     3.303 r  CLK_U/O
                         net (fo=1, routed)           2.173     5.476    clk
    BUFGCTRL_X0Y0        BUFG (Prop_bufg_I_O)         0.083     5.559 r  clk_BUFG_inst/O
                         net (fo=21, routed)          1.386     6.945    dut/CLK
    SLICE_X152Y116       FDRE                                         r  dut/seq_reg_reg[4]/C

Slack:                    inf
  Source:                 rst
                            (input port)
  Destination:            dut/seq_reg_reg[5]/R
                            (rising edge-triggered cell FDRE clocked by sys_clk_n'  {rise@0.000ns fall@2.500ns period=5.000ns})
  Path Group:             (none)
  Path Type:              Setup (Max at Slow Process Corner)
  Data Path Delay:        1.721ns  (logic 0.751ns (43.631%)  route 0.970ns (56.369%))
  Logic Levels:           1  (IBUF=1)
  Clock Path Skew:        4.445ns (DCD - SCD + CPR)
    Destination Clock Delay (DCD):    4.445ns = ( 6.945 - 2.500 ) 
    Source Clock Delay      (SCD):    0.000ns
    Clock Pessimism Removal (CPR):    0.000ns
  Clock Uncertainty:      0.025ns  ((TSJ^2 + TIJ^2)^1/2 + DJ) / 2 + PE
    Total System Jitter     (TSJ):    0.050ns
    Total Input Jitter      (TIJ):    0.000ns
    Discrete Jitter          (DJ):    0.000ns
    Phase Error              (PE):    0.000ns

    Location             Delay type                Incr(ns)  Path(ns)    Netlist Resource(s)
  -------------------------------------------------------------------    -------------------
    AG5                                               0.000     0.000 r  rst (IN)
                         net (fo=0)                   0.000     0.000    rst
    AG5                  IBUF (Prop_ibuf_I_O)         0.751     0.751 r  rst_IBUF_inst/O
                         net (fo=21, routed)          0.970     1.721    dut/rst_IBUF
    SLICE_X152Y116       FDRE                                         r  dut/seq_reg_reg[5]/R
  -------------------------------------------------------------------    -------------------

                         (clock sys_clk_n fall edge)
                                                      2.500     2.500 f  
    AD11                                              0.000     2.500 f  sys_clk_n (IN)
                         net (fo=0)                   0.000     2.500    sys_clk_n
    AD12                 IBUFDS (Prop_ibufds_IB_O)    0.803     3.303 r  CLK_U/O
                         net (fo=1, routed)           2.173     5.476    clk
    BUFGCTRL_X0Y0        BUFG (Prop_bufg_I_O)         0.083     5.559 r  clk_BUFG_inst/O
                         net (fo=21, routed)          1.386     6.945    dut/CLK
    SLICE_X152Y116       FDRE                                         r  dut/seq_reg_reg[5]/C

Slack:                    inf
  Source:                 rst
                            (input port)
  Destination:            seq_reg[10]/R
                            (rising edge-triggered cell FDRE clocked by sys_clk_n'  {rise@0.000ns fall@2.500ns period=5.000ns})
  Path Group:             (none)
  Path Type:              Setup (Max at Slow Process Corner)
  Data Path Delay:        1.640ns  (logic 0.751ns (45.787%)  route 0.889ns (54.213%))
  Logic Levels:           1  (IBUF=1)
  Clock Path Skew:        4.444ns (DCD - SCD + CPR)
    Destination Clock Delay (DCD):    4.444ns = ( 6.944 - 2.500 ) 
    Source Clock Delay      (SCD):    0.000ns
    Clock Pessimism Removal (CPR):    0.000ns
  Clock Uncertainty:      0.025ns  ((TSJ^2 + TIJ^2)^1/2 + DJ) / 2 + PE
    Total System Jitter     (TSJ):    0.050ns
    Total Input Jitter      (TIJ):    0.000ns
    Discrete Jitter          (DJ):    0.000ns
    Phase Error              (PE):    0.000ns

    Location             Delay type                Incr(ns)  Path(ns)    Netlist Resource(s)
  -------------------------------------------------------------------    -------------------
    AG5                                               0.000     0.000 r  rst (IN)
                         net (fo=0)                   0.000     0.000    rst
    AG5                  IBUF (Prop_ibuf_I_O)         0.751     0.751 r  rst_IBUF_inst/O
                         net (fo=21, routed)          0.889     1.640    rst_IBUF
    SLICE_X152Y117       FDRE                                         r  seq_reg[10]/R
  -------------------------------------------------------------------    -------------------

                         (clock sys_clk_n fall edge)
                                                      2.500     2.500 f  
    AD11                                              0.000     2.500 f  sys_clk_n (IN)
                         net (fo=0)                   0.000     2.500    sys_clk_n
    AD12                 IBUFDS (Prop_ibufds_IB_O)    0.803     3.303 r  CLK_U/O
                         net (fo=1, routed)           2.173     5.476    clk
    BUFGCTRL_X0Y0        BUFG (Prop_bufg_I_O)         0.083     5.559 r  clk_BUFG_inst/O
                         net (fo=21, routed)          1.385     6.944    clk_BUFG
    SLICE_X152Y117       FDRE                                         r  seq_reg[10]/C

Slack:                    inf
  Source:                 rst
                            (input port)
  Destination:            seq_reg[11]/R
                            (rising edge-triggered cell FDRE clocked by sys_clk_n'  {rise@0.000ns fall@2.500ns period=5.000ns})
  Path Group:             (none)
  Path Type:              Setup (Max at Slow Process Corner)
  Data Path Delay:        1.640ns  (logic 0.751ns (45.787%)  route 0.889ns (54.213%))
  Logic Levels:           1  (IBUF=1)
  Clock Path Skew:        4.444ns (DCD - SCD + CPR)
    Destination Clock Delay (DCD):    4.444ns = ( 6.944 - 2.500 ) 
    Source Clock Delay      (SCD):    0.000ns
    Clock Pessimism Removal (CPR):    0.000ns
  Clock Uncertainty:      0.025ns  ((TSJ^2 + TIJ^2)^1/2 + DJ) / 2 + PE
    Total System Jitter     (TSJ):    0.050ns
    Total Input Jitter      (TIJ):    0.000ns
    Discrete Jitter          (DJ):    0.000ns
    Phase Error              (PE):    0.000ns

    Location             Delay type                Incr(ns)  Path(ns)    Netlist Resource(s)
  -------------------------------------------------------------------    -------------------
    AG5                                               0.000     0.000 r  rst (IN)
                         net (fo=0)                   0.000     0.000    rst
    AG5                  IBUF (Prop_ibuf_I_O)         0.751     0.751 r  rst_IBUF_inst/O
                         net (fo=21, routed)          0.889     1.640    rst_IBUF
    SLICE_X152Y117       FDRE                                         r  seq_reg[11]/R
  -------------------------------------------------------------------    -------------------

                         (clock sys_clk_n fall edge)
                                                      2.500     2.500 f  
    AD11                                              0.000     2.500 f  sys_clk_n (IN)
                         net (fo=0)                   0.000     2.500    sys_clk_n
    AD12                 IBUFDS (Prop_ibufds_IB_O)    0.803     3.303 r  CLK_U/O
                         net (fo=1, routed)           2.173     5.476    clk
    BUFGCTRL_X0Y0        BUFG (Prop_bufg_I_O)         0.083     5.559 r  clk_BUFG_inst/O
                         net (fo=21, routed)          1.385     6.944    clk_BUFG
    SLICE_X152Y117       FDRE                                         r  seq_reg[11]/C

Slack:                    inf
  Source:                 rst
                            (input port)
  Destination:            seq_reg[12]/R
                            (rising edge-triggered cell FDRE clocked by sys_clk_n'  {rise@0.000ns fall@2.500ns period=5.000ns})
  Path Group:             (none)
  Path Type:              Setup (Max at Slow Process Corner)
  Data Path Delay:        1.640ns  (logic 0.751ns (45.787%)  route 0.889ns (54.213%))
  Logic Levels:           1  (IBUF=1)
  Clock Path Skew:        4.444ns (DCD - SCD + CPR)
    Destination Clock Delay (DCD):    4.444ns = ( 6.944 - 2.500 ) 
    Source Clock Delay      (SCD):    0.000ns
    Clock Pessimism Removal (CPR):    0.000ns
  Clock Uncertainty:      0.025ns  ((TSJ^2 + TIJ^2)^1/2 + DJ) / 2 + PE
    Total System Jitter     (TSJ):    0.050ns
    Total Input Jitter      (TIJ):    0.000ns
    Discrete Jitter          (DJ):    0.000ns
    Phase Error              (PE):    0.000ns

    Location             Delay type                Incr(ns)  Path(ns)    Netlist Resource(s)
  -------------------------------------------------------------------    -------------------
    AG5                                               0.000     0.000 r  rst (IN)
                         net (fo=0)                   0.000     0.000    rst
    AG5                  IBUF (Prop_ibuf_I_O)         0.751     0.751 r  rst_IBUF_inst/O
                         net (fo=21, routed)          0.889     1.640    rst_IBUF
    SLICE_X153Y117       FDRE                                         r  seq_reg[12]/R
  -------------------------------------------------------------------    -------------------

                         (clock sys_clk_n fall edge)
                                                      2.500     2.500 f  
    AD11                                              0.000     2.500 f  sys_clk_n (IN)
                         net (fo=0)                   0.000     2.500    sys_clk_n
    AD12                 IBUFDS (Prop_ibufds_IB_O)    0.803     3.303 r  CLK_U/O
                         net (fo=1, routed)           2.173     5.476    clk
    BUFGCTRL_X0Y0        BUFG (Prop_bufg_I_O)         0.083     5.559 r  clk_BUFG_inst/O
                         net (fo=21, routed)          1.385     6.944    clk_BUFG
    SLICE_X153Y117       FDRE                                         r  seq_reg[12]/C





Min Delay Paths
--------------------------------------------------------------------------------------
Slack:                    inf
  Source:                 rst
                            (input port)
  Destination:            seq_reg[10]/R
                            (rising edge-triggered cell FDRE clocked by sys_clk_n'  {rise@0.000ns fall@2.500ns period=5.000ns})
  Path Group:             (none)
  Path Type:              Hold (Min at Fast Process Corner)
  Data Path Delay:        0.593ns  (logic 0.133ns (22.380%)  route 0.460ns (77.620%))
  Logic Levels:           1  (IBUF=1)
  Clock Path Skew:        2.542ns (DCD - SCD - CPR)
    Destination Clock Delay (DCD):    2.542ns = ( 5.042 - 2.500 ) 
    Source Clock Delay      (SCD):    0.000ns
    Clock Pessimism Removal (CPR):    -0.000ns

    Location             Delay type                Incr(ns)  Path(ns)    Netlist Resource(s)
  -------------------------------------------------------------------    -------------------
    AG5                                               0.000     0.000 r  rst (IN)
                         net (fo=0)                   0.000     0.000    rst
    AG5                  IBUF (Prop_ibuf_I_O)         0.133     0.133 r  rst_IBUF_inst/O
                         net (fo=21, routed)          0.460     0.593    rst_IBUF
    SLICE_X152Y117       FDRE                                         r  seq_reg[10]/R
  -------------------------------------------------------------------    -------------------

                         (clock sys_clk_n fall edge)
                                                      2.500     2.500 f  
    AD11                                              0.000     2.500 f  sys_clk_n (IN)
                         net (fo=0)                   0.000     2.500    sys_clk_n
    AD12                 IBUFDS (Prop_ibufds_IB_O)    0.470     2.970 r  CLK_U/O
                         net (fo=1, routed)           1.154     4.124    clk
    BUFGCTRL_X0Y0        BUFG (Prop_bufg_I_O)         0.030     4.154 r  clk_BUFG_inst/O
                         net (fo=21, routed)          0.888     5.042    clk_BUFG
    SLICE_X152Y117       FDRE                                         r  seq_reg[10]/C

Slack:                    inf
  Source:                 rst
                            (input port)
  Destination:            seq_reg[11]/R
                            (rising edge-triggered cell FDRE clocked by sys_clk_n'  {rise@0.000ns fall@2.500ns period=5.000ns})
  Path Group:             (none)
  Path Type:              Hold (Min at Fast Process Corner)
  Data Path Delay:        0.593ns  (logic 0.133ns (22.380%)  route 0.460ns (77.620%))
  Logic Levels:           1  (IBUF=1)
  Clock Path Skew:        2.542ns (DCD - SCD - CPR)
    Destination Clock Delay (DCD):    2.542ns = ( 5.042 - 2.500 ) 
    Source Clock Delay      (SCD):    0.000ns
    Clock Pessimism Removal (CPR):    -0.000ns

    Location             Delay type                Incr(ns)  Path(ns)    Netlist Resource(s)
  -------------------------------------------------------------------    -------------------
    AG5                                               0.000     0.000 r  rst (IN)
                         net (fo=0)                   0.000     0.000    rst
    AG5                  IBUF (Prop_ibuf_I_O)         0.133     0.133 r  rst_IBUF_inst/O
                         net (fo=21, routed)          0.460     0.593    rst_IBUF
    SLICE_X152Y117       FDRE                                         r  seq_reg[11]/R
  -------------------------------------------------------------------    -------------------

                         (clock sys_clk_n fall edge)
                                                      2.500     2.500 f  
    AD11                                              0.000     2.500 f  sys_clk_n (IN)
                         net (fo=0)                   0.000     2.500    sys_clk_n
    AD12                 IBUFDS (Prop_ibufds_IB_O)    0.470     2.970 r  CLK_U/O
                         net (fo=1, routed)           1.154     4.124    clk
    BUFGCTRL_X0Y0        BUFG (Prop_bufg_I_O)         0.030     4.154 r  clk_BUFG_inst/O
                         net (fo=21, routed)          0.888     5.042    clk_BUFG
    SLICE_X152Y117       FDRE                                         r  seq_reg[11]/C

Slack:                    inf
  Source:                 rst
                            (input port)
  Destination:            seq_reg[12]/R
                            (rising edge-triggered cell FDRE clocked by sys_clk_n'  {rise@0.000ns fall@2.500ns period=5.000ns})
  Path Group:             (none)
  Path Type:              Hold (Min at Fast Process Corner)
  Data Path Delay:        0.593ns  (logic 0.133ns (22.380%)  route 0.460ns (77.620%))
  Logic Levels:           1  (IBUF=1)
  Clock Path Skew:        2.542ns (DCD - SCD - CPR)
    Destination Clock Delay (DCD):    2.542ns = ( 5.042 - 2.500 ) 
    Source Clock Delay      (SCD):    0.000ns
    Clock Pessimism Removal (CPR):    -0.000ns

    Location             Delay type                Incr(ns)  Path(ns)    Netlist Resource(s)
  -------------------------------------------------------------------    -------------------
    AG5                                               0.000     0.000 r  rst (IN)
                         net (fo=0)                   0.000     0.000    rst
    AG5                  IBUF (Prop_ibuf_I_O)         0.133     0.133 r  rst_IBUF_inst/O
                         net (fo=21, routed)          0.460     0.593    rst_IBUF
    SLICE_X153Y117       FDRE                                         r  seq_reg[12]/R
  -------------------------------------------------------------------    -------------------

                         (clock sys_clk_n fall edge)
                                                      2.500     2.500 f  
    AD11                                              0.000     2.500 f  sys_clk_n (IN)
                         net (fo=0)                   0.000     2.500    sys_clk_n
    AD12                 IBUFDS (Prop_ibufds_IB_O)    0.470     2.970 r  CLK_U/O
                         net (fo=1, routed)           1.154     4.124    clk
    BUFGCTRL_X0Y0        BUFG (Prop_bufg_I_O)         0.030     4.154 r  clk_BUFG_inst/O
                         net (fo=21, routed)          0.888     5.042    clk_BUFG
    SLICE_X153Y117       FDRE                                         r  seq_reg[12]/C

Slack:                    inf
  Source:                 rst
                            (input port)
  Destination:            seq_reg[13]/S
                            (rising edge-triggered cell FDSE clocked by sys_clk_n'  {rise@0.000ns fall@2.500ns period=5.000ns})
  Path Group:             (none)
  Path Type:              Hold (Min at Fast Process Corner)
  Data Path Delay:        0.593ns  (logic 0.133ns (22.380%)  route 0.460ns (77.620%))
  Logic Levels:           1  (IBUF=1)
  Clock Path Skew:        2.542ns (DCD - SCD - CPR)
    Destination Clock Delay (DCD):    2.542ns = ( 5.042 - 2.500 ) 
    Source Clock Delay      (SCD):    0.000ns
    Clock Pessimism Removal (CPR):    -0.000ns

    Location             Delay type                Incr(ns)  Path(ns)    Netlist Resource(s)
  -------------------------------------------------------------------    -------------------
    AG5                                               0.000     0.000 r  rst (IN)
                         net (fo=0)                   0.000     0.000    rst
    AG5                  IBUF (Prop_ibuf_I_O)         0.133     0.133 r  rst_IBUF_inst/O
                         net (fo=21, routed)          0.460     0.593    rst_IBUF
    SLICE_X153Y117       FDSE                                         r  seq_reg[13]/S
  -------------------------------------------------------------------    -------------------

                         (clock sys_clk_n fall edge)
                                                      2.500     2.500 f  
    AD11                                              0.000     2.500 f  sys_clk_n (IN)
                         net (fo=0)                   0.000     2.500    sys_clk_n
    AD12                 IBUFDS (Prop_ibufds_IB_O)    0.470     2.970 r  CLK_U/O
                         net (fo=1, routed)           1.154     4.124    clk
    BUFGCTRL_X0Y0        BUFG (Prop_bufg_I_O)         0.030     4.154 r  clk_BUFG_inst/O
                         net (fo=21, routed)          0.888     5.042    clk_BUFG
    SLICE_X153Y117       FDSE                                         r  seq_reg[13]/C

Slack:                    inf
  Source:                 rst
                            (input port)
  Destination:            seq_reg[14]/S
                            (rising edge-triggered cell FDSE clocked by sys_clk_n'  {rise@0.000ns fall@2.500ns period=5.000ns})
  Path Group:             (none)
  Path Type:              Hold (Min at Fast Process Corner)
  Data Path Delay:        0.593ns  (logic 0.133ns (22.380%)  route 0.460ns (77.620%))
  Logic Levels:           1  (IBUF=1)
  Clock Path Skew:        2.542ns (DCD - SCD - CPR)
    Destination Clock Delay (DCD):    2.542ns = ( 5.042 - 2.500 ) 
    Source Clock Delay      (SCD):    0.000ns
    Clock Pessimism Removal (CPR):    -0.000ns

    Location             Delay type                Incr(ns)  Path(ns)    Netlist Resource(s)
  -------------------------------------------------------------------    -------------------
    AG5                                               0.000     0.000 r  rst (IN)
                         net (fo=0)                   0.000     0.000    rst
    AG5                  IBUF (Prop_ibuf_I_O)         0.133     0.133 r  rst_IBUF_inst/O
                         net (fo=21, routed)          0.460     0.593    rst_IBUF
    SLICE_X153Y117       FDSE                                         r  seq_reg[14]/S
  -------------------------------------------------------------------    -------------------

                         (clock sys_clk_n fall edge)
                                                      2.500     2.500 f  
    AD11                                              0.000     2.500 f  sys_clk_n (IN)
                         net (fo=0)                   0.000     2.500    sys_clk_n
    AD12                 IBUFDS (Prop_ibufds_IB_O)    0.470     2.970 r  CLK_U/O
                         net (fo=1, routed)           1.154     4.124    clk
    BUFGCTRL_X0Y0        BUFG (Prop_bufg_I_O)         0.030     4.154 r  clk_BUFG_inst/O
                         net (fo=21, routed)          0.888     5.042    clk_BUFG
    SLICE_X153Y117       FDSE                                         r  seq_reg[14]/C

Slack:                    inf
  Source:                 rst
                            (input port)
  Destination:            seq_reg[15]/S
                            (rising edge-triggered cell FDSE clocked by sys_clk_n'  {rise@0.000ns fall@2.500ns period=5.000ns})
  Path Group:             (none)
  Path Type:              Hold (Min at Fast Process Corner)
  Data Path Delay:        0.593ns  (logic 0.133ns (22.380%)  route 0.460ns (77.620%))
  Logic Levels:           1  (IBUF=1)
  Clock Path Skew:        2.542ns (DCD - SCD - CPR)
    Destination Clock Delay (DCD):    2.542ns = ( 5.042 - 2.500 ) 
    Source Clock Delay      (SCD):    0.000ns
    Clock Pessimism Removal (CPR):    -0.000ns

    Location             Delay type                Incr(ns)  Path(ns)    Netlist Resource(s)
  -------------------------------------------------------------------    -------------------
    AG5                                               0.000     0.000 r  rst (IN)
                         net (fo=0)                   0.000     0.000    rst
    AG5                  IBUF (Prop_ibuf_I_O)         0.133     0.133 r  rst_IBUF_inst/O
                         net (fo=21, routed)          0.460     0.593    rst_IBUF
    SLICE_X152Y117       FDSE                                         r  seq_reg[15]/S
  -------------------------------------------------------------------    -------------------

                         (clock sys_clk_n fall edge)
                                                      2.500     2.500 f  
    AD11                                              0.000     2.500 f  sys_clk_n (IN)
                         net (fo=0)                   0.000     2.500    sys_clk_n
    AD12                 IBUFDS (Prop_ibufds_IB_O)    0.470     2.970 r  CLK_U/O
                         net (fo=1, routed)           1.154     4.124    clk
    BUFGCTRL_X0Y0        BUFG (Prop_bufg_I_O)         0.030     4.154 r  clk_BUFG_inst/O
                         net (fo=21, routed)          0.888     5.042    clk_BUFG
    SLICE_X152Y117       FDSE                                         r  seq_reg[15]/C

Slack:                    inf
  Source:                 rst
                            (input port)
  Destination:            seq_reg[16]/R
                            (rising edge-triggered cell FDRE clocked by sys_clk_n'  {rise@0.000ns fall@2.500ns period=5.000ns})
  Path Group:             (none)
  Path Type:              Hold (Min at Fast Process Corner)
  Data Path Delay:        0.593ns  (logic 0.133ns (22.380%)  route 0.460ns (77.620%))
  Logic Levels:           1  (IBUF=1)
  Clock Path Skew:        2.542ns (DCD - SCD - CPR)
    Destination Clock Delay (DCD):    2.542ns = ( 5.042 - 2.500 ) 
    Source Clock Delay      (SCD):    0.000ns
    Clock Pessimism Removal (CPR):    -0.000ns

    Location             Delay type                Incr(ns)  Path(ns)    Netlist Resource(s)
  -------------------------------------------------------------------    -------------------
    AG5                                               0.000     0.000 r  rst (IN)
                         net (fo=0)                   0.000     0.000    rst
    AG5                  IBUF (Prop_ibuf_I_O)         0.133     0.133 r  rst_IBUF_inst/O
                         net (fo=21, routed)          0.460     0.593    rst_IBUF
    SLICE_X152Y117       FDRE                                         r  seq_reg[16]/R
  -------------------------------------------------------------------    -------------------

                         (clock sys_clk_n fall edge)
                                                      2.500     2.500 f  
    AD11                                              0.000     2.500 f  sys_clk_n (IN)
                         net (fo=0)                   0.000     2.500    sys_clk_n
    AD12                 IBUFDS (Prop_ibufds_IB_O)    0.470     2.970 r  CLK_U/O
                         net (fo=1, routed)           1.154     4.124    clk
    BUFGCTRL_X0Y0        BUFG (Prop_bufg_I_O)         0.030     4.154 r  clk_BUFG_inst/O
                         net (fo=21, routed)          0.888     5.042    clk_BUFG
    SLICE_X152Y117       FDRE                                         r  seq_reg[16]/C

Slack:                    inf
  Source:                 rst
                            (input port)
  Destination:            seq_reg[17]/R
                            (rising edge-triggered cell FDRE clocked by sys_clk_n'  {rise@0.000ns fall@2.500ns period=5.000ns})
  Path Group:             (none)
  Path Type:              Hold (Min at Fast Process Corner)
  Data Path Delay:        0.593ns  (logic 0.133ns (22.380%)  route 0.460ns (77.620%))
  Logic Levels:           1  (IBUF=1)
  Clock Path Skew:        2.542ns (DCD - SCD - CPR)
    Destination Clock Delay (DCD):    2.542ns = ( 5.042 - 2.500 ) 
    Source Clock Delay      (SCD):    0.000ns
    Clock Pessimism Removal (CPR):    -0.000ns

    Location             Delay type                Incr(ns)  Path(ns)    Netlist Resource(s)
  -------------------------------------------------------------------    -------------------
    AG5                                               0.000     0.000 r  rst (IN)
                         net (fo=0)                   0.000     0.000    rst
    AG5                  IBUF (Prop_ibuf_I_O)         0.133     0.133 r  rst_IBUF_inst/O
                         net (fo=21, routed)          0.460     0.593    rst_IBUF
    SLICE_X152Y117       FDRE                                         r  seq_reg[17]/R
  -------------------------------------------------------------------    -------------------

                         (clock sys_clk_n fall edge)
                                                      2.500     2.500 f  
    AD11                                              0.000     2.500 f  sys_clk_n (IN)
                         net (fo=0)                   0.000     2.500    sys_clk_n
    AD12                 IBUFDS (Prop_ibufds_IB_O)    0.470     2.970 r  CLK_U/O
                         net (fo=1, routed)           1.154     4.124    clk
    BUFGCTRL_X0Y0        BUFG (Prop_bufg_I_O)         0.030     4.154 r  clk_BUFG_inst/O
                         net (fo=21, routed)          0.888     5.042    clk_BUFG
    SLICE_X152Y117       FDRE                                         r  seq_reg[17]/C

Slack:                    inf
  Source:                 rst
                            (input port)
  Destination:            seq_reg[4]/S
                            (rising edge-triggered cell FDSE clocked by sys_clk_n'  {rise@0.000ns fall@2.500ns period=5.000ns})
  Path Group:             (none)
  Path Type:              Hold (Min at Fast Process Corner)
  Data Path Delay:        0.593ns  (logic 0.133ns (22.380%)  route 0.460ns (77.620%))
  Logic Levels:           1  (IBUF=1)
  Clock Path Skew:        2.542ns (DCD - SCD - CPR)
    Destination Clock Delay (DCD):    2.542ns = ( 5.042 - 2.500 ) 
    Source Clock Delay      (SCD):    0.000ns
    Clock Pessimism Removal (CPR):    -0.000ns

    Location             Delay type                Incr(ns)  Path(ns)    Netlist Resource(s)
  -------------------------------------------------------------------    -------------------
    AG5                                               0.000     0.000 r  rst (IN)
                         net (fo=0)                   0.000     0.000    rst
    AG5                  IBUF (Prop_ibuf_I_O)         0.133     0.133 r  rst_IBUF_inst/O
                         net (fo=21, routed)          0.460     0.593    rst_IBUF
    SLICE_X152Y117       FDSE                                         r  seq_reg[4]/S
  -------------------------------------------------------------------    -------------------

                         (clock sys_clk_n fall edge)
                                                      2.500     2.500 f  
    AD11                                              0.000     2.500 f  sys_clk_n (IN)
                         net (fo=0)                   0.000     2.500    sys_clk_n
    AD12                 IBUFDS (Prop_ibufds_IB_O)    0.470     2.970 r  CLK_U/O
                         net (fo=1, routed)           1.154     4.124    clk
    BUFGCTRL_X0Y0        BUFG (Prop_bufg_I_O)         0.030     4.154 r  clk_BUFG_inst/O
                         net (fo=21, routed)          0.888     5.042    clk_BUFG
    SLICE_X152Y117       FDSE                                         r  seq_reg[4]/C

Slack:                    inf
  Source:                 rst
                            (input port)
  Destination:            seq_reg[5]/S
                            (rising edge-triggered cell FDSE clocked by sys_clk_n'  {rise@0.000ns fall@2.500ns period=5.000ns})
  Path Group:             (none)
  Path Type:              Hold (Min at Fast Process Corner)
  Data Path Delay:        0.593ns  (logic 0.133ns (22.380%)  route 0.460ns (77.620%))
  Logic Levels:           1  (IBUF=1)
  Clock Path Skew:        2.542ns (DCD - SCD - CPR)
    Destination Clock Delay (DCD):    2.542ns = ( 5.042 - 2.500 ) 
    Source Clock Delay      (SCD):    0.000ns
    Clock Pessimism Removal (CPR):    -0.000ns

    Location             Delay type                Incr(ns)  Path(ns)    Netlist Resource(s)
  -------------------------------------------------------------------    -------------------
    AG5                                               0.000     0.000 r  rst (IN)
                         net (fo=0)                   0.000     0.000    rst
    AG5                  IBUF (Prop_ibuf_I_O)         0.133     0.133 r  rst_IBUF_inst/O
                         net (fo=21, routed)          0.460     0.593    rst_IBUF
    SLICE_X153Y117       FDSE                                         r  seq_reg[5]/S
  -------------------------------------------------------------------    -------------------

                         (clock sys_clk_n fall edge)
                                                      2.500     2.500 f  
    AD11                                              0.000     2.500 f  sys_clk_n (IN)
                         net (fo=0)                   0.000     2.500    sys_clk_n
    AD12                 IBUFDS (Prop_ibufds_IB_O)    0.470     2.970 r  CLK_U/O
                         net (fo=1, routed)           1.154     4.124    clk
    BUFGCTRL_X0Y0        BUFG (Prop_bufg_I_O)         0.030     4.154 r  clk_BUFG_inst/O
                         net (fo=21, routed)          0.888     5.042    clk_BUFG
    SLICE_X153Y117       FDSE                                         r  seq_reg[5]/C





